time;exp1_x;exp1_gir;exp2_x;exp2_gir;exp3_x;exp3_gir;exp4_x;exp4_gir;;
0.001;0,01;0,05;-0,01;0,01;0,00;0,02;0,17;0,19;;
0.002;0,01;0,05;-0,01;0,01;-0,01;0,01;0,13;0,30;;
0.055;0,03;0,05;-0,01;0,01;-0,01;0,01;0,13;0,30;;
0.062;0,03;0,05;-0,01;0,01;-0,01;0,01;-0,20;0,22;;
0.096;-0,04;0,06;-0,01;0,01;-0,01;0,01;-0,20;0,22;;
0.118;-0,04;0,06;0,00;0,01;-0,01;0,01;-0,20;0,22;;
0.15;0,06;0,07;0,00;0,01;-0,01;0,05;0,15;0,24;;
0.188;0,06;0,07;0,00;0,01;-0,01;0,05;0,15;0,24;;
0.196;0,06;0,07;0,00;0,01;-0,03;0,04;-0,14;0,19;;
0.25;-0,04;0,05;0,00;0,03;-0,03;0,04;-0,14;0,19;;
0.264;-0,04;0,05;0,00;0,03;-0,03;0,04;-0,01;0,11;;
0.296;0,00;0,06;0,00;0,03;0,01;0,02;-0,01;0,11;;
0.333;0,00;0,06;0,00;0,03;0,01;0,02;-0,01;0,11;;
0.346;0,00;0,06;0,00;0,03;-0,01;0,01;0,03;0,19;;
0.396;-0,03;0,04;0,03;0,07;-0,01;0,01;0,03;0,19;;
0.399;-0,03;0,04;0,03;0,07;-0,01;0,01;-0,09;0,15;;
0.449;0,00;0,04;0,03;0,07;-0,01;0,01;-0,09;0,15;;
0.468;0,00;0,04;0,03;0,07;-0,01;0,01;-0,09;0,15;;
0.496;0,01;0,01;0,06;0,35;0,01;0,01;-0,04;0,11;;
0.538;0,01;0,01;0,06;0,35;0,01;0,01;-0,04;0,11;;
0.546;0,01;0,01;0,06;0,35;0,00;0,11;0,01;0,19;;
0.596;0,03;0,05;-0,56;0,93;0,00;0,11;0,01;0,19;;
0.609;0,03;0,05;-0,56;0,93;0,00;0,11;-0,09;0,26;;
0.653;0,07;0,07;-0,56;0,93;-0,05;0,10;-0,09;0,26;;
0.679;0,07;0,07;0,71;0,92;-0,05;0,10;-0,09;0,26;;
0.696;0,07;0,07;0,71;0,92;0,32;0,41;0,06;0,21;;
0.748;0,08;0,17;1,11;1,33;0,32;0,41;0,06;0,21;;
0.75;0,08;0,17;1,11;1,33;0,32;0,41;0,81;0,99;;
0.796;-0,73;0,80;1,11;1,33;-0,65;0,72;0,81;0,99;;
0.818;-0,73;0,80;0,07;0,44;-0,65;0,72;0,81;0,99;;
0.848;-0,73;0,80;0,07;0,44;0,15;0,40;0,58;0,75;;
0.888;-1,65;1,73;0,70;0,73;0,15;0,40;0,58;0,75;;
0.896;-1,65;1,73;0,70;0,73;1,55;1,59;0,34;0,46;;
0.946;2,36;2,44;1,26;1,28;1,55;1,59;0,34;0,46;;
0.958;2,36;2,44;1,26;1,28;1,55;1,59;0,89;0,96;;
0.996;1,00;1,10;1,26;1,28;0,29;0,59;0,89;0,96;;
1.043;1,00;1,10;0,18;0,50;0,29;0,59;0,89;0,96;;
1.046;1,00;1,10;0,18;0,50;0,11;0,21;0,71;0,96;;
1.096;-1,38;1,44;0,19;0,43;0,11;0,21;0,71;0,96;;
1.1;-1,38;1,44;0,19;0,43;0,11;0,21;0,18;0,43;;
1.146;1,35;1,48;0,19;0,43;1,46;1,48;0,18;0,43;;
1.167;1,35;1,48;0,79;1,01;1,46;1,48;0,18;0,43;;
1.196;1,35;1,48;0,79;1,01;0,60;0,73;0,42;0,69;;
1.245;2,00;2,06;-0,10;0,61;0,60;0,73;0,42;0,69;;
1.246;2,00;2,06;-0,10;0,61;-0,29;0,38;0,33;0,53;;
1.296;-1,04;1,06;-0,58;0,90;-0,29;0,38;0,33;0,53;;
1.31;-1,04;1,06;-0,58;0,90;-0,29;0,38;-0,31;0,53;;
1.356;-0,57;0,68;-0,58;0,90;0,74;0,92;-0,31;0,53;;
1.378;-0,57;0,68;-0,08;0,93;0,74;0,92;-0,31;0,53;;
1.396;-0,57;0,68;-0,08;0,93;0,39;0,54;-0,32;0,65;;
1.446;1,75;1,81;-0,36;0,93;0,39;0,54;-0,32;0,65;;
1.449;1,75;1,81;-0,36;0,93;0,39;0,54;-0,26;0,63;;
1.496;-0,10;0,21;-0,36;0,93;-0,86;0,96;-0,26;0,63;;
1.517;-0,10;0,21;-1,04;1,31;-0,86;0,96;-0,26;0,63;;
1.547;-0,10;0,21;-1,04;1,31;-0,86;0,96;-0,73;0,79;;
1.588;-1,51;1,53;-0,49;0,93;-0,86;0,96;-0,73;0,79;;
1.596;-1,51;1,53;-0,49;0,93;-0,27;0,51;-0,75;0,80;;
1.646;0,48;0,50;-0,50;0,97;-0,27;0,51;-0,75;0,80;;
1.659;0,48;0,50;-0,50;0,97;-0,27;0,51;-0,51;0,73;;
1.696;0,29;0,30;-0,50;0,97;-0,27;0,51;-0,51;0,73;;
1.732;0,29;0,30;-0,98;1,17;-0,27;0,51;-0,51;0,73;;
1.751;0,29;0,30;-0,98;1,17;-0,03;0,63;-0,77;0,79;;
1.796;-1,91;1,97;-0,43;0,76;-0,03;0,63;-0,77;0,79;;
1.799;-1,91;1,97;-0,43;0,76;-0,03;0,63;-0,65;0,68;;
1.846;-0,57;0,63;-0,43;0,76;-0,03;0,63;-0,65;0,68;;
1.868;-0,57;0,63;-0,10;0,54;-1,13;1,19;-0,65;0,68;;
1.896;-0,57;0,63;-0,10;0,54;-1,13;1,19;-0,18;0,23;;
1.946;0,43;0,45;-0,42;0,60;-1,13;1,19;-0,18;0,23;;
1.948;0,43;0,45;-0,42;0,60;-1,13;1,19;-0,25;0,36;;
1.996;-1,32;1,37;0,04;0,25;-1,13;1,19;-0,25;0,36;;
2.009;-1,32;1,37;0,04;0,25;-0,81;0,91;-0,14;0,33;;
2.057;-0,97;1,05;0,04;0,25;-0,81;0,91;-0,14;0,33;;
2.078;-0,97;1,05;0,60;0,61;-0,81;0,91;-0,14;0,33;;
2.096;-0,97;1,05;0,60;0,61;-0,81;0,91;0,41;0,56;;
2.146;0,92;0,95;0,26;0,51;-0,19;0,51;0,41;0,56;;
2.149;0,92;0,95;0,26;0,51;-0,19;0,51;0,43;0,52;;
2.196;-0,16;0,31;0,26;0,51;-0,19;0,51;0,43;0,52;;
2.218;-0,16;0,31;0,51;0,57;-0,19;0,51;0,43;0,52;;
2.252;-0,16;0,31;0,51;0,57;-0,19;0,51;0,36;0,48;;
2.288;-0,58;0,65;0,96;1,00;-0,95;1,00;0,36;0,48;;
2.296;-0,58;0,65;0,96;1,00;-0,95;1,00;0,76;0,95;;
2.346;1,08;1,09;0,59;0,72;-0,95;1,00;0,76;0,95;;
2.36;1,08;1,09;0,59;0,72;-0,95;1,00;0,75;0,85;;
2.396;0,92;0,93;0,59;0,72;-0,71;0,81;0,75;0,85;;
2.434;0,92;0,93;0,40;0,65;-0,71;0,81;0,75;0,85;;
2.446;0,92;0,93;0,40;0,65;-0,71;0,81;0,48;0,54;;
2.496;-0,36;0,41;0,76;0,91;-0,71;0,81;0,48;0,54;;
2.499;-0,36;0,41;0,76;0,91;-0,71;0,81;0,56;0,66;;
2.546;0,87;0,87;0,76;0,91;0,19;0,25;0,56;0,66;;
2.567;0,87;0,87;0,37;0,68;0,19;0,25;0,56;0,66;;
2.596;0,87;0,87;0,37;0,68;0,19;0,25;0,51;0,65;;
2.638;1,31;1,31;-0,04;0,55;-0,34;0,45;0,51;0,65;;
2.651;1,31;1,31;-0,04;0,55;-0,34;0,45;0,13;0,17;;
2.696;-0,19;0,20;0,13;0,54;-0,12;0,17;0,13;0,17;;
2.708;-0,19;0,20;0,13;0,54;-0,12;0,17;0,02;0,14;;
2.752;0,24;0,32;0,13;0,54;-0,12;0,17;0,02;0,14;;
2.778;0,24;0,32;-0,18;0,68;0,79;0,82;0,02;0,14;;
2.796;0,24;0,32;-0,18;0,68;0,79;0,82;-0,01;0,10;;
2.851;1,01;1,02;-0,65;0,84;0,44;0,49;-0,01;0,10;;
2.853;1,01;1,02;-0,65;0,84;0,44;0,49;-0,40;0,41;;
2.93;-0,30;0,32;-0,65;0,84;0,26;0,37;-0,40;0,41;;
2.931;-0,30;0,32;-0,45;0,60;0,26;0,37;-0,40;0,41;;
2.948;-0,30;0,32;-0,45;0,60;0,26;0,37;-0,53;0,65;;
2.988;-0,60;0,61;-0,54;0,66;1,02;1,06;-0,53;0,65;;
2.996;-0,60;0,61;-0,54;0,66;1,02;1,06;-0,45;0,55;;
3.049;0,34;0,40;-0,92;0,99;0,76;0,81;-0,45;0,55;;
3.059;0,34;0,40;-0,92;0,99;0,76;0,81;-0,66;0,68;;
3.096;-0,45;0,47;-0,92;0,99;0,76;0,81;-0,66;0,68;;
3.127;-0,45;0,47;-0,61;0,64;0,23;0,42;-0,66;0,68;;
3.146;-0,45;0,47;-0,61;0,64;0,23;0,42;-0,74;0,81;;
3.196;-1,15;1,16;-0,42;0,44;0,69;0,75;-0,74;0,81;;
3.199;-1,15;1,16;-0,42;0,44;0,69;0,75;-0,51;0,67;;
3.253;-0,18;0,25;-0,42;0,44;0,50;0,65;-0,51;0,67;;
3.268;-0,18;0,25;-0,58;0,60;0,50;0,65;-0,51;0,67;;
3.297;-0,18;0,25;-0,58;0,60;0,50;0,65;-0,43;0,48;;
3.358;-0,49;0,51;-0,24;0,26;-0,19;0,35;-0,43;0,48;;
3.359;-0,49;0,51;-0,24;0,26;-0,19;0,35;-0,38;0,42;;
3.396;-1,16;1,18;0,13;0,31;-0,02;0,31;-0,38;0,42;;
3.409;-1,16;1,18;0,13;0,31;-0,02;0,31;-0,09;0,25;;
3.449;-0,27;0,30;0,13;0,31;-0,02;0,31;-0,09;0,25;;
3.478;-0,27;0,30;0,07;0,27;-0,06;0,31;-0,09;0,25;;
3.496;-0,27;0,30;0,07;0,27;-0,06;0,31;0,12;0,20;;
3.557;0,17;0,22;0,32;0,44;-0,72;0,77;0,12;0,20;;
3.564;0,17;0,22;0,32;0,44;-0,72;0,77;0,22;0,31;;
3.596;-0,60;0,61;0,32;0,44;-0,59;0,64;0,22;0,31;;
3.618;-0,60;0,61;0,68;0,79;-0,59;0,64;0,22;0,31;;
3.646;-0,60;0,61;0,68;0,79;-0,59;0,64;0,44;0,46;;
3.688;-0,03;0,07;0,56;0,74;-0,41;0,43;0,44;0,46;;
3.696;-0,03;0,07;0,56;0,74;-0,41;0,43;0,61;0,61;;
3.746;0,77;0,79;0,58;0,71;-0,88;0,90;0,61;0,61;;
3.763;0,77;0,79;0,58;0,71;-0,88;0,90;0,57;0,60;;
3.796;0,77;0,79;0,58;0,71;-0,88;0,90;0,57;0,60;;
3.827;0,02;0,08;0,79;0,89;-0,73;0,73;0,57;0,60;;
3.846;0,02;0,08;0,79;0,89;-0,73;0,73;0,62;0,69;;
3.896;0,51;0,51;0,53;0,73;-0,27;0,39;0,62;0,69;;
3.899;0,51;0,51;0,53;0,73;-0,27;0,39;0,64;0,64;;
3.946;0,51;0,51;0,53;0,73;-0,46;0,48;0,64;0,64;;
3.975;1,04;1,05;0,32;0,50;-0,46;0,48;0,64;0,64;;
3.996;1,04;1,05;0,32;0,50;-0,46;0,48;0,42;0,42;;
4.038;0,25;0,30;0,39;0,48;-0,34;0,41;0,42;0,42;;
4.046;0,25;0,30;0,39;0,48;-0,34;0,41;0,30;0,36;;
4.096;0,33;0,34;0,08;0,25;0,23;0,36;0,30;0,36;;
4.11;0,33;0,34;0,08;0,25;0,23;0,36;0,21;0,25;;
4.146;0,33;0,34;0,08;0,25;0,23;0,36;0,21;0,25;;
4.178;0,88;0,88;-0,27;0,33;0,23;0,37;0,21;0,25;;
4.196;0,88;0,88;-0,27;0,33;0,23;0,37;-0,05;0,15;;
4.246;0,11;0,18;-0,23;0,27;0,22;0,35;-0,05;0,15;;
4.249;0,11;0,18;-0,23;0,27;0,22;0,35;-0,28;0,30;;
4.296;0,11;0,18;-0,23;0,27;0,70;0,74;-0,28;0,30;;
4.318;-0,21;0,28;-0,46;0,50;0,70;0,74;-0,28;0,30;;
4.346;-0,21;0,28;-0,46;0,50;0,70;0,74;-0,34;0,35;;
4.388;0,31;0,36;-0,71;0,72;0,68;0,78;-0,34;0,35;;
4.396;0,31;0,36;-0,71;0,72;0,68;0,78;-0,51;0,53;;
4.446;-0,24;0,32;-0,58;0,62;0,46;0,52;-0,51;0,53;;
4.466;-0,24;0,32;-0,58;0,62;0,46;0,52;-0,63;0,69;;
4.496;-0,24;0,32;-0,58;0,62;0,46;0,52;-0,63;0,69;;
4.528;-0,77;0,79;-0,56;0,65;0,73;0,76;-0,63;0,69;;
4.546;-0,77;0,79;-0,56;0,65;0,73;0,76;-0,59;0,60;;
4.596;-0,22;0,27;-0,72;0,77;0,62;0,67;-0,59;0,60;;
4.599;-0,22;0,27;-0,72;0,77;0,62;0,67;-0,59;0,60;;
4.646;-0,22;0,27;-0,72;0,77;0,20;0,31;-0,59;0,60;;
4.674;-0,42;0,48;-0,44;0,51;0,20;0,31;-0,59;0,60;;
4.696;-0,42;0,48;-0,44;0,51;0,20;0,31;-0,56;0,61;;
4.738;-0,97;0,98;-0,19;0,37;0,26;0,27;-0,56;0,61;;
4.746;-0,97;0,98;-0,19;0,37;0,26;0,27;-0,32;0,35;;
4.796;-0,40;0,41;-0,25;0,40;0,17;0,18;-0,32;0,35;;
4.808;-0,40;0,41;-0,25;0,40;0,17;0,18;-0,19;0,22;;
4.846;-0,40;0,41;-0,25;0,40;0,17;0,18;-0,19;0,22;;
4.878;-0,22;0,25;0,06;0,27;-0,35;0,37;-0,19;0,22;;
4.896;-0,22;0,25;0,06;0,27;-0,35;0,37;-0,09;0,11;;
4.946;-0,62;0,62;0,41;0,48;-0,40;0,42;-0,09;0,11;;
4.948;-0,62;0,62;0,41;0,48;-0,40;0,42;0,20;0,21;;
4.996;-0,62;0,62;0,41;0,48;-0,33;0,41;0,20;0,21;;
5.017;-0,14;0,16;0,33;0,40;-0,33;0,41;0,20;0,21;;
5.046;-0,14;0,16;0,33;0,40;-0,33;0,41;0,36;0,39;;
5.088;0,28;0,30;0,56;0,58;-0,69;0,71;0,36;0,39;;
5.096;0,28;0,30;0,56;0,58;-0,69;0,71;0,40;0,48;;
5.146;-0,04;0,13;0,56;0,58;-0,73;0,75;0,40;0,48;;
5.159;-0,04;0,13;0,76;0,78;-0,73;0,75;0,58;0,59;;
5.203;-0,04;0,13;0,76;0,78;-0,73;0,75;0,58;0,59;;
5.227;0,26;0,31;0,54;0,54;-0,48;0,54;0,58;0,59;;
5.246;0,26;0,31;0,54;0,54;-0,48;0,54;0,63;0,64;;
5.296;0,73;0,79;0,54;0,54;-0,60;0,67;0,63;0,64;;
5.299;0,73;0,79;0,54;0,54;-0,60;0,67;0,52;0,58;;
5.346;0,73;0,79;0,54;0,54;-0,57;0,61;0,52;0,58;;
5.368;0,42;0,47;0,61;0,63;-0,57;0,61;0,52;0,58;;
5.396;0,42;0,47;0,61;0,63;-0,57;0,61;0,52;0,55;;
5.438;0,41;0,46;0,25;0,28;-0,15;0,24;0,52;0,55;;
5.446;0,41;0,46;0,25;0,28;-0,15;0,24;0,44;0,46;;
5.496;0,76;0,82;0,25;0,28;-0,10;0,27;0,44;0,46;;
5.508;0,76;0,82;0,06;0,14;-0,10;0,27;0,15;0,22;;
5.546;0,76;0,82;0,06;0,14;-0,10;0,27;0,15;0,22;;
5.589;0,41;0,49;0,07;0,17;0,01;0,13;0,15;0,22;;
5.596;0,41;0,49;0,07;0,17;0,01;0,13;0,06;0,17;;
5.646;0,14;0,19;-0,28;0,33;0,39;0,40;0,06;0,17;;
5.648;0,14;0,19;-0,28;0,33;0,39;0,40;-0,07;0,21;;
5.696;0,14;0,19;-0,28;0,33;0,48;0,48;-0,07;0,21;;
5.718;0,36;0,38;-0,52;0,55;0,48;0,48;-0,07;0,21;;
5.746;0,36;0,38;-0,52;0,55;0,48;0,48;-0,34;0,40;;
5.791;0,05;0,14;-0,42;0,47;0,45;0,46;-0,34;0,40;;
5.858;0,05;0,14;-0,42;0,47;0,45;0,46;-0,46;0,47;;
5.858;-0,36;0,37;-0,42;0,47;0,72;0,74;-0,46;0,47;;
5.859;-0,36;0,37;-0,60;0,63;0,72;0,74;-0,46;0,48;;
5.899;-0,36;0,37;-0,60;0,63;0,72;0,74;-0,46;0,48;;
5.927;-0,19;0,25;-0,75;0,77;0,61;0,64;-0,46;0,48;;
5.946;-0,19;0,25;-0,75;0,77;0,61;0,64;-0,63;0,67;;
5.996;-0,33;0,34;-0,52;0,56;0,44;0,48;-0,63;0,67;;
5.998;-0,33;0,34;-0,52;0,56;0,44;0,48;-0,63;0,64;;
6.046;-0,69;0,71;-0,52;0,56;0,44;0,48;-0,63;0,64;;
6.068;-0,69;0,71;-0,46;0,49;0,52;0,57;-0,63;0,64;;
6.096;-0,69;0,71;-0,46;0,49;0,52;0,57;-0,49;0,49;;
6.138;-0,51;0,57;-0,45;0,46;0,34;0,44;-0,49;0,49;;
6.146;-0,51;0,57;-0,45;0,46;0,34;0,44;-0,44;0,46;;
6.196;-0,40;0,46;-0,45;0,46;0,00;0,18;-0,44;0,46;;
6.211;-0,40;0,46;-0,14;0,16;0,00;0,18;-0,31;0,33;;
6.246;-0,40;0,46;-0,14;0,16;0,00;0,18;-0,31;0,33;;
6.284;-0,65;0,68;0,05;0,07;-0,03;0,15;-0,31;0,33;;
6.297;-0,65;0,68;0,05;0,07;-0,03;0,15;-0,09;0,17;;
6.346;-0,38;0,43;0,12;0,14;-0,20;0,25;-0,09;0,17;;
6.35;-0,38;0,43;0,12;0,14;-0,20;0,25;0,06;0,18;;
6.396;-0,05;0,21;0,12;0,14;-0,20;0,25;0,06;0,18;;
6.418;-0,05;0,21;0,37;0,39;-0,52;0,53;0,06;0,18;;
6.446;-0,05;0,21;0,37;0,39;-0,52;0,53;0,22;0,27;;
6.488;-0,19;0,24;0,55;0,56;-0,50;0,51;0,22;0,27;;
6.496;-0,19;0,24;0,55;0,56;-0,50;0,51;0,40;0,45;;
6.546;0,03;0,11;0,55;0,56;-0,51;0,52;0,40;0,45;;
6.56;0,03;0,11;0,52;0,53;-0,51;0,52;0,50;0,57;;
6.596;0,03;0,11;0,52;0,53;-0,51;0,52;0,50;0,57;;
6.628;0,45;0,45;0,60;0,63;-0,71;0,71;0,50;0,57;;
6.646;0,45;0,45;0,60;0,63;-0,71;0,71;0,54;0,57;;
6.696;0,32;0,32;0,65;0,67;-0,59;0,60;0,54;0,57;;
6.701;0,32;0,32;0,65;0,67;-0,59;0,60;0,58;0,60;;
6.746;0,37;0,38;0,65;0,67;-0,59;0,60;0,58;0,60;;
6.768;0,37;0,38;0,46;0,48;-0,37;0,40;0,58;0,60;;
6.796;0,37;0,38;0,46;0,48;-0,37;0,40;0,53;0,58;;
6.838;0,70;0,71;0,36;0,39;-0,37;0,38;0,53;0,58;;
6.846;0,70;0,71;0,36;0,39;-0,37;0,38;0,43;0,46;;
6.896;0,51;0,52;0,36;0,39;-0,21;0,23;0,43;0,46;;
6.908;0,51;0,52;0,28;0,32;-0,21;0,23;0,31;0,31;;
6.946;0,51;0,52;0,28;0,32;-0,21;0,23;0,31;0,31;;
6.988;0,33;0,35;-0,03;0,18;0,10;0,17;0,31;0,31;;
6.996;0,33;0,35;-0,03;0,18;0,10;0,17;0,15;0,17;;
7.046;0,53;0,57;-0,03;0,18;0,20;0,24;0,15;0,17;;
7.048;0,53;0,57;-0,20;0,28;0,20;0,24;-0,03;0,11;;
7.096;0,28;0,31;-0,20;0,28;0,20;0,24;-0,03;0,11;;
7.118;0,28;0,31;-0,30;0,34;0,30;0,32;-0,03;0,11;;
7.146;0,28;0,31;-0,30;0,34;0,30;0,32;-0,19;0,25;;
7.196;-0,06;0,12;-0,50;0,52;0,55;0,56;-0,19;0,25;;
7.198;-0,06;0,12;-0,50;0,52;0,55;0,56;-0,35;0,42;;
7.246;0,04;0,14;-0,50;0,52;0,59;0,61;-0,35;0,42;;
7.268;0,04;0,14;-0,59;0,61;0,59;0,61;-0,48;0,51;;
7.296;0,04;0,14;-0,59;0,61;0,59;0,61;-0,48;0,51;;
7.338;-0,15;0,17;-0,57;0,58;0,53;0,54;-0,48;0,51;;
7.346;-0,15;0,17;-0,57;0,58;0,53;0,54;-0,56;0,59;;
7.396;-0,51;0,52;-0,57;0,58;0,60;0,61;-0,56;0,59;;
7.408;-0,51;0,52;-0,61;0,61;0,60;0,61;-0,56;0,61;;
7.446;-0,39;0,40;-0,61;0,61;0,60;0,61;-0,56;0,61;;
7.486;-0,39;0,40;-0,57;0,58;0,52;0,52;-0,56;0,61;;
7.501;-0,39;0,40;-0,57;0,58;0,52;0,52;-0,54;0,57;;
7.546;-0,43;0,44;-0,34;0,35;0,30;0,30;-0,54;0,57;;
7.548;-0,43;0,44;-0,34;0,35;0,30;0,30;-0,49;0,50;;
7.596;-0,67;0,68;-0,34;0,35;0,21;0,22;-0,49;0,50;;
7.617;-0,67;0,68;-0,23;0,24;0,21;0,22;-0,33;0,34;;
7.646;-0,67;0,68;-0,23;0,24;0,21;0,22;-0,33;0,34;;
7.691;-0,45;0,47;-0,14;0,17;0,06;0,09;-0,33;0,34;;
7.696;-0,45;0,47;-0,14;0,17;0,06;0,09;-0,19;0,20;;
7.746;-0,30;0,30;-0,14;0,17;-0,21;0,22;-0,19;0,20;;
7.761;-0,30;0,30;0,17;0,20;-0,21;0,22;-0,05;0,09;;
7.801;-0,42;0,42;0,17;0,20;-0,21;0,22;-0,05;0,09;;
7.827;-0,42;0,42;0,33;0,37;-0,33;0,33;-0,05;0,09;;
7.846;-0,42;0,42;0,33;0,37;-0,33;0,33;0,16;0,21;;
7.896;-0,14;0,17;0,33;0,37;-0,40;0,41;0,16;0,21;;
7.899;-0,14;0,17;0,38;0,43;-0,40;0,41;0,32;0,34;;
7.946;0,13;0,16;0,38;0,43;-0,57;0,57;0,32;0,34;;
7.968;0,13;0,16;0,59;0,62;-0,57;0,57;0,41;0,44;;
7.996;0,13;0,16;0,59;0,62;-0,57;0,57;0,41;0,44;;
8.038;0,07;0,10;0,62;0,64;-0,62;0,62;0,41;0,44;;
8.046;0,07;0,10;0,62;0,64;-0,62;0,62;0,52;0,57;;
8.099;0,27;0,28;0,62;0,64;-0,52;0,52;0,52;0,57;;
8.109;0,27;0,28;0,50;0,54;-0,52;0,52;0,57;0,61;;
8.146;0,54;0,54;0,50;0,54;-0,52;0,52;0,57;0,61;;
8.183;0,54;0,54;0,53;0,56;-0,55;0,55;0,57;0,61;;
8.198;0,54;0,54;0,53;0,56;-0,55;0,55;0,52;0,54;;
8.246;0,42;0,44;0,53;0,56;-0,41;0,42;0,52;0,54;;
8.249;0,42;0,44;0,45;0,46;-0,41;0,42;0,47;0,50;;
8.296;0,45;0,46;0,45;0,46;-0,17;0,19;0,47;0,50;;
8.318;0,45;0,46;0,17;0,18;-0,17;0,19;0,39;0,41;;
8.346;0,45;0,46;0,17;0,18;-0,17;0,19;0,39;0,41;;
8.394;0,60;0,60;0,07;0,09;-0,11;0,15;0,39;0,41;;
8.396;0,60;0,60;0,07;0,09;-0,11;0,15;0,21;0,21;;
8.446;0,39;0,40;0,07;0,09;0,07;0,12;0,21;0,21;;
8.458;0,39;0,40;-0,04;0,07;0,07;0,12;0,05;0,07;;
8.506;0,23;0,26;-0,04;0,07;0,07;0,12;0,05;0,07;;
8.528;0,23;0,26;-0,34;0,37;0,35;0,36;0,05;0,07;;
8.546;0,23;0,26;-0,34;0,37;0,35;0,36;-0,08;0,09;;
8.596;0,27;0,28;-0,34;0,37;0,39;0,41;-0,08;0,09;;
8.599;0,27;0,28;-0,43;0,44;0,39;0,41;-0,27;0,29;;
8.646;0,03;0,10;-0,43;0,44;0,46;0,48;-0,27;0,29;;
8.667;0,03;0,10;-0,43;0,45;0,46;0,48;-0,41;0,45;;
8.701;0,03;0,10;-0,43;0,45;0,46;0,48;-0,41;0,45;;
8.755;-0,22;0,24;-0,62;0,66;0,62;0,63;-0,41;0,45;;
8.756;-0,22;0,24;-0,62;0,66;0,62;0,63;-0,48;0,51;;
8.8;-0,20;0,22;-0,62;0,66;0,55;0,56;-0,48;0,51;;
8.811;-0,20;0,22;-0,62;0,64;0,55;0,56;-0,54;0,55;;
8.846;-0,36;0,38;-0,62;0,64;0,55;0,56;-0,54;0,55;;
8.877;-0,36;0,38;-0,46;0,48;0,44;0,46;-0,54;0,55;;
8.901;-0,36;0,38;-0,46;0,48;0,44;0,46;-0,55;0,58;;
8.946;-0,56;0,57;-0,46;0,48;0,46;0,47;-0,55;0,58;;
8.949;-0,56;0,57;-0,45;0,48;0,46;0,47;-0,48;0,50;;
9.001;-0,46;0,46;-0,45;0,48;0,27;0,27;-0,48;0,50;;
9.017;-0,46;0,46;-0,32;0,35;0,27;0,27;-0,40;0,40;;
9.046;-0,46;0,46;-0,32;0,35;0,27;0,27;-0,40;0,40;;
9.088;-0,45;0,46;-0,08;0,11;0,03;0,06;-0,40;0,40;;
9.1;-0,45;0,46;-0,08;0,11;0,03;0,06;-0,27;0,27;;
9.146;-0,53;0,54;-0,08;0,11;-0,02;0,09;-0,27;0,27;;
9.158;-0,53;0,54;0,04;0,07;-0,02;0,09;-0,11;0,12;;
9.205;-0,32;0,33;0,04;0,07;-0,02;0,09;-0,11;0,12;;
9.228;-0,32;0,33;0,19;0,20;-0,21;0,25;-0,11;0,12;;
9.246;-0,32;0,33;0,19;0,20;-0,21;0,25;0,06;0,09;;
9.301;-0,17;0,19;0,19;0,20;-0,44;0,46;0,06;0,09;;
9.303;-0,17;0,19;0,41;0,42;-0,44;0,46;0,21;0,26;;
9.346;-0,16;0,18;0,41;0,42;-0,44;0,46;0,21;0,26;;
9.368;-0,16;0,18;0,48;0,49;-0,46;0,48;0,36;0,38;;
9.403;-0,16;0,18;0,48;0,49;-0,46;0,48;0,36;0,38;;
9.438;0,08;0,14;0,51;0,51;-0,50;0,52;0,36;0,38;;
9.446;0,08;0,14;0,51;0,51;-0,50;0,52;0,46;0,48;;
9.501;0,29;0,33;0,51;0,51;-0,63;0,65;0,46;0,48;;
9.518;0,29;0,33;0,59;0,60;-0,63;0,65;0,51;0,55;;
9.546;0,29;0,32;0,59;0,60;-0,63;0,65;0,51;0,55;;
9.578;0,29;0,32;0,55;0,57;-0,51;0,53;0,51;0,55;;
9.596;0,29;0,32;0,55;0,57;-0,51;0,53;0,53;0,56;;
9.646;0,38;0,40;0,55;0,57;-0,37;0,39;0,53;0,56;;
9.649;0,38;0,40;0,41;0,43;-0,37;0,39;0,49;0,50;;
9.701;0,54;0,57;0,41;0,43;-0,37;0,39;0,49;0,50;;
9.718;0,54;0,57;0,35;0,36;-0,32;0,35;0,41;0,42;;
9.746;0,54;0,57;0,35;0,36;-0,32;0,35;0,41;0,42;;
9.788;0,44;0,47;0,19;0,21;-0,15;0,17;0,41;0,42;;
9.803;0,44;0,47;0,19;0,21;-0,15;0,17;0,29;0,30;;
9.846;0,40;0,41;0,19;0,21;0,08;0,08;0,29;0,30;;
9.859;0,40;0,41;-0,03;0,09;0,08;0,08;0,14;0,15;;
9.901;0,40;0,41;-0,03;0,09;0,08;0,08;0,14;0,15;;
9.928;0,41;0,42;-0,15;0,16;0,19;0,19;0,14;0,15;;
9.946;0,41;0,42;-0,15;0,16;0,19;0,19;-0,02;0,10;;
10.001;0,18;0,20;-0,15;0,16;0,32;0,33;-0,02;0,10;;
10.003;0,18;0,20;-0,32;0,33;0,32;0,33;-0,17;0,19;;
10.046;0,04;0,05;-0,32;0,33;0,32;0,33;-0,17;0,19;;
10.068;0,04;0,05;-0,47;0,48;0,50;0,51;-0,32;0,35;;
10.105;0,04;0,05;-0,47;0,48;0,50;0,51;-0,32;0,35;;
10.139;0,02;0,09;-0,51;0,52;0,53;0,55;-0,32;0,35;;
10.146;0,02;0,09;-0,51;0,52;0,53;0,55;-0,44;0,48;;
10.202;-0,18;0,22;-0,51;0,52;0,50;0,53;-0,44;0,48;;
10.209;-0,18;0,22;-0,54;0,55;0,50;0,53;-0,51;0,54;;
10.246;-0,18;0,22;-0,54;0,55;0,50;0,53;-0,51;0,54;;
10.278;-0,38;0,41;-0,57;0,58;0,54;0,57;-0,51;0,54;;
10.296;-0,38;0,41;-0,57;0,58;0,54;0,57;-0,52;0,54;;
10.346;-0,36;0,41;-0,57;0,58;0,43;0,48;-0,52;0,54;;
10.348;-0,36;0,41;-0,49;0,50;0,43;0,48;-0,51;0,53;;
10.399;-0,45;0,49;-0,49;0,50;0,43;0,48;-0,51;0,53;;
10.417;-0,45;0,49;-0,32;0,33;0,27;0,33;-0,46;0,48;;
10.446;-0,45;0,49;-0,32;0,33;0,27;0,33;-0,46;0,48;;
10.487;-0,54;0,57;-0,22;0,22;0,17;0,22;-0,46;0,48;;
10.499;-0,54;0,57;-0,22;0,22;0,17;0,22;-0,33;0,33;;
10.546;-0,42;0,46;-0,22;0,22;0,01;0,13;-0,33;0,33;;
10.559;-0,42;0,46;-0,10;0,10;0,01;0,13;-0,20;0,20;;
10.609;-0,42;0,46;-0,10;0,10;0,01;0,13;-0,20;0,20;;
10.628;-0,35;0,40;0,14;0,14;-0,20;0,21;-0,20;0,20;;
10.646;-0,35;0,40;0,14;0,14;-0,20;0,21;-0,04;0,05;;
10.703;-0,33;0,36;0,14;0,14;-0,30;0,30;-0,04;0,05;;
10.714;-0,33;0,36;0,29;0,30;-0,30;0,30;0,12;0,14;;
10.746;-0,13;0,15;0,29;0,30;-0,30;0,30;0,12;0,14;;
10.768;-0,13;0,15;0,35;0,36;-0,40;0,40;0,27;0,31;;
10.805;-0,13;0,15;0,35;0,36;-0,40;0,40;0,27;0,31;;
10.838;0,03;0,05;0,52;0,53;-0,54;0,54;0,27;0,31;;
10.846;0,03;0,05;0,52;0,53;-0,54;0,54;0,37;0,40;;
10.908;0,10;0,10;0,52;0,53;-0,53;0,54;0,37;0,40;;
10.91;0,10;0,10;0,56;0,57;-0,53;0,54;0,47;0,49;;
10.946;0,10;0,10;0,56;0,57;-0,53;0,54;0,47;0,49;;
10.977;0,28;0,29;0,48;0,49;-0,46;0,48;0,47;0,49;;
10.996;0,28;0,29;0,48;0,49;-0,46;0,48;0,51;0,54;;
11.047;0,42;0,44;0,48;0,49;-0,47;0,49;0,51;0,54;;
11.049;0,42;0,44;0,49;0,50;-0,47;0,49;0,49;0,52;;
11.107;0,41;0,43;0,49;0,50;-0,47;0,49;0,49;0,52;;
11.118;0,41;0,43;0,41;0,41;-0,37;0,40;0,45;0,46;;
11.146;0,41;0,43;0,41;0,41;-0,37;0,40;0,45;0,46;;
11.188;0,46;0,49;0,41;0,41;-0,14;0,22;0,45;0,46;;
11.206;0,46;0,49;0,18;0,18;-0,14;0,22;0,37;0,38;;
11.246;0,49;0,54;0,18;0,18;-0,06;0,16;0,37;0,38;;
11.259;0,49;0,54;0,07;0,07;-0,06;0,16;0,22;0,23;;
11.305;0,49;0,54;0,07;0,07;-0,06;0,16;0,22;0,23;;
11.328;0,36;0,40;-0,06;0,07;0,08;0,14;0,22;0,23;;
11.346;0,36;0,40;-0,06;0,07;0,08;0,14;0,08;0,09;;
11.406;0,28;0,33;-0,06;0,07;0,32;0,34;0,08;0,09;;
11.414;0,28;0,33;-0,29;0,30;0,32;0,34;-0,06;0,10;;
11.446;0,20;0,27;-0,29;0,30;0,32;0,34;-0,06;0,10;;
11.467;0,20;0,27;-0,39;0,39;0,38;0,38;-0,22;0,24;;
11.499;0,20;0,27;-0,39;0,39;0,38;0,38;-0,22;0,24;;
11.537;0,01;0,12;-0,39;0,39;0,43;0,43;-0,22;0,24;;
11.546;0,01;0,12;-0,43;0,44;0,43;0,43;-0,36;0,39;;
11.596;-0,13;0,14;-0,43;0,44;0,56;0,56;-0,36;0,39;;
11.614;-0,13;0,14;-0,54;0,55;0,56;0,56;-0,44;0,48;;
11.703;-0,13;0,14;-0,54;0,55;0,56;0,56;-0,44;0,48;;
11.704;-0,22;0,23;-0,56;0,56;0,51;0,51;-0,44;0,48;;
11.705;-0,22;0,23;-0,56;0,56;0,51;0,51;-0,50;0,53;;
11.746;-0,38;0,38;-0,56;0,56;0,40;0,41;-0,50;0,53;;
11.748;-0,38;0,38;-0,46;0,47;0,40;0,41;-0,51;0,53;;
11.796;-0,38;0,38;-0,46;0,47;0,40;0,41;-0,51;0,53;;
11.818;-0,45;0,46;-0,40;0,41;0,39;0,41;-0,46;0,48;;
11.846;-0,45;0,46;-0,40;0,41;0,39;0,41;-0,46;0,48;;
11.888;-0,42;0,44;-0,40;0,41;0,24;0,26;-0,46;0,48;;
11.896;-0,42;0,44;-0,27;0,27;0,24;0,26;-0,39;0,41;;
11.946;-0,46;0,48;-0,27;0,27;0,02;0,10;-0,39;0,41;;
11.958;-0,46;0,48;-0,10;0,11;0,02;0,10;-0,27;0,28;;
11.996;-0,46;0,48;-0,10;0,11;0,02;0,10;-0,27;0,28;;
12.028;-0,43;0,45;0,06;0,07;-0,06;0,11;-0,27;0,28;;
12.046;-0,43;0,45;0,06;0,07;-0,06;0,11;-0,12;0,12;;
12.096;-0,27;0,31;0,06;0,07;-0,20;0,21;-0,12;0,12;;
12.098;-0,27;0,31;0,21;0,21;-0,20;0,21;0,02;0,03;;
12.146;-0,27;0,31;0,21;0,21;-0,20;0,21;0,02;0,03;;
12.168;-0,18;0,23;0,35;0,36;-0,41;0,41;0,20;0,22;;
12.196;-0,18;0,23;0,35;0,36;-0,41;0,41;0,20;0,22;;
12.238;-0,09;0,14;0,35;0,36;-0,45;0,45;0,20;0,22;;
12.246;-0,09;0,14;0,43;0,44;-0,45;0,45;0,31;0,34;;
12.296;0,11;0,14;0,43;0,44;-0,46;0,46;0,31;0,34;;
12.32;0,11;0,14;0,50;0,51;-0,46;0,46;0,41;0,43;;
12.346;0,11;0,14;0,50;0,51;-0,46;0,46;0,41;0,43;;
12.378;0,24;0,25;0,50;0,51;-0,55;0,55;0,41;0,43;;
12.396;0,24;0,25;0,52;0,53;-0,55;0,55;0,48;0,50;;
12.446;0,30;0,31;0,52;0,53;-0,47;0,48;0,48;0,50;;
12.45;0,30;0,31;0,46;0,47;-0,47;0,48;0,49;0,52;;
12.496;0,30;0,31;0,46;0,47;-0,47;0,48;0,49;0,52;;
12.523;0,43;0,44;0,39;0,39;-0,34;0,35;0,46;0,49;;
12.546;0,43;0,44;0,39;0,39;-0,34;0,35;0,46;0,49;;
12.588;0,47;0,47;0,39;0,39;-0,28;0,29;0,46;0,49;;
12.596;0,47;0,47;0,27;0,27;-0,28;0,29;0,39;0,40;;
12.646;0,41;0,41;0,27;0,27;-0,14;0,17;0,39;0,40;;
12.66;0,41;0,41;0,11;0,12;-0,14;0,17;0,29;0,30;;
12.696;0,41;0,41;0,11;0,12;-0,14;0,17;0,29;0,30;;
12.727;0,40;0,41;0,11;0,12;0,08;0,11;0,29;0,30;;
12.746;0,40;0,41;-0,04;0,06;0,08;0,11;0,15;0,16;;
12.796;0,35;0,36;-0,04;0,06;0,18;0,19;0,15;0,16;;
12.798;0,35;0,36;-0,18;0,20;0,18;0,19;0,00;0,03;;
12.846;0,35;0,36;-0,18;0,20;0,18;0,19;0,00;0,03;;
12.868;0,18;0,19;-0,33;0,34;0,29;0,29;-0,13;0,16;;
12.896;0,18;0,19;-0,33;0,34;0,29;0,29;-0,13;0,16;;
12.94;0,07;0,09;-0,33;0,34;0,46;0,46;-0,13;0,16;;
12.946;0,07;0,09;-0,44;0,45;0,46;0,46;-0,28;0,30;;
12.996;-0,02;0,05;-0,44;0,45;0,48;0,48;-0,28;0,30;;
13.01;-0,02;0,05;-0,49;0,50;0,48;0,48;-0,39;0,41;;
13.046;-0,02;0,05;-0,49;0,50;0,48;0,48;-0,39;0,41;;
13.077;-0,21;0,21;-0,49;0,50;0,46;0,46;-0,39;0,41;;
13.096;-0,21;0,21;-0,51;0,52;0,46;0,46;-0,45;0,48;;
13.146;-0,32;0,33;-0,51;0,52;0,49;0,50;-0,45;0,48;;
13.15;-0,32;0,33;-0,49;0,49;0,49;0,50;-0,48;0,50;;
13.196;-0,32;0,33;-0,49;0,49;0,49;0,50;-0,48;0,50;;
13.217;-0,36;0,36;-0,41;0,42;0,40;0,41;-0,47;0,49;;
13.246;-0,36;0,36;-0,41;0,42;0,40;0,41;-0,47;0,49;;
13.288;-0,45;0,45;-0,41;0,42;0,27;0,29;-0,47;0,49;;
13.296;-0,45;0,45;-0,29;0,30;0,27;0,29;-0,42;0,43;;
13.346;-0,47;0,48;-0,29;0,30;0,27;0,29;-0,42;0,43;;
13.36;-0,47;0,48;-0,17;0,17;0,16;0,18;-0,32;0,33;;
13.396;-0,47;0,48;-0,17;0,17;0,16;0,18;-0,32;0,33;;
13.438;-0,39;0,40;-0,17;0,17;0,01;0,07;-0,32;0,33;;
13.446;-0,39;0,40;0,01;0,02;0,01;0,07;-0,20;0,20;;
13.496;-0,35;0,35;0,01;0,02;-0,18;0,19;-0,20;0,20;;
13.5;-0,35;0,35;0,18;0,18;-0,18;0,19;-0,06;0,07;;
13.546;-0,35;0,35;0,18;0,18;-0,18;0,19;-0,06;0,07;;
13.568;-0,27;0,28;0,18;0,18;-0,28;0,28;0,10;0,12;;
13.596;-0,27;0,28;0,30;0,30;-0,28;0,28;0,10;0,12;;
13.643;-0,10;0,11;0,30;0,30;-0,38;0,38;0,10;0,12;;
13.646;-0,10;0,11;0,40;0,41;-0,38;0,38;0,24;0,26;;
13.696;0,01;0,04;0,40;0,41;-0,38;0,38;0,24;0,26;;
13.709;0,01;0,04;0,48;0,49;-0,50;0,50;0,34;0,37;;
13.751;0,01;0,04;0,48;0,49;-0,50;0,50;0,34;0,37;;
13.778;0,12;0,13;0,48;0,49;-0,48;0,48;0,34;0,37;;
13.796;0,12;0,13;0,49;0,50;-0,48;0,48;0,44;0,47;;
13.847;0,28;0,28;0,49;0,50;-0,45;0,46;0,44;0,47;;
13.851;0,28;0,28;0,47;0,48;-0,45;0,46;0,47;0,49;;
13.896;0,28;0,28;0,47;0,48;-0,45;0,46;0,47;0,49;;
13.918;0,37;0,38;0,47;0,48;-0,44;0,45;0,45;0,47;;
13.946;0,37;0,38;0,41;0,42;-0,44;0,45;0,45;0,47;;
13.988;0,39;0,40;0,41;0,42;-0,28;0,30;0,45;0,47;;
13.996;0,39;0,40;0,30;0,30;-0,28;0,30;0,42;0,44;;
14.046;0,39;0,40;0,30;0,30;-0,28;0,30;0,42;0,44;;
14.058;0,45;0,46;0,16;0,16;-0,14;0,17;0,34;0,35;;
14.096;0,45;0,46;0,16;0,16;-0,14;0,17;0,34;0,35;;
14.139;0,41;0,42;0,16;0,16;-0,06;0,11;0,34;0,35;;
14.146;0,41;0,42;0,02;0,03;-0,06;0,11;0,21;0,21;;
14.196;0,32;0,33;0,02;0,03;0,11;0,13;0,21;0,21;;
14.2;0,32;0,33;-0,13;0,13;0,11;0,13;0,06;0,07;;
14.246;0,32;0,33;-0,13;0,13;0,11;0,13;0,06;0,07;;
14.267;0,26;0,27;-0,13;0,13;0,28;0,28;-0,06;0,09;;
14.296;0,26;0,27;-0,28;0,29;0,28;0,28;-0,06;0,09;;
14.339;0,13;0,14;-0,28;0,29;0,35;0,35;-0,06;0,09;;
14.347;0,13;0,14;-0,38;0,39;0,35;0,35;-0,21;0,25;;
14.396;0,13;0,14;-0,38;0,39;0,35;0,35;-0,21;0,25;;
14.411;-0,03;0,09;-0,45;0,46;0,44;0,44;-0,33;0,36;;
14.453;-0,03;0,09;-0,45;0,46;0,44;0,44;-0,33;0,36;;
14.478;-0,12;0,14;-0,45;0,46;0,50;0,50;-0,33;0,36;;
14.496;-0,12;0,14;-0,49;0,50;0,50;0,50;-0,41;0,44;;
14.547;-0,24;0,26;-0,49;0,50;0,50;0,50;-0,41;0,44;;
14.597;-0,24;0,26;-0,47;0,48;0,44;0,45;-0,47;0,50;;
14.598;-0,24;0,26;-0,47;0,48;0,44;0,45;-0,47;0,50;;
14.618;-0,37;0,39;-0,47;0,48;0,39;0,40;-0,47;0,50;;
14.646;-0,37;0,39;-0,40;0,41;0,39;0,40;-0,47;0,50;;
14.689;-0,40;0,41;-0,40;0,41;0,34;0,36;-0,47;0,50;;
14.696;-0,40;0,41;-0,33;0,33;0,34;0,36;-0,43;0,45;;
14.746;-0,40;0,41;-0,33;0,33;0,34;0,36;-0,43;0,45;;
14.759;-0,41;0,42;-0,21;0,22;0,17;0,19;-0,37;0,38;;
14.796;-0,41;0,42;-0,21;0,22;0,17;0,19;-0,37;0,38;;
14.837;-0,44;0,45;-0,21;0,22;0,02;0,08;-0,37;0,38;;
14.846;-0,44;0,45;-0,04;0,05;0,02;0,08;-0,25;0,25;;
14.896;-0,37;0,38;-0,04;0,05;0,02;0,08;-0,25;0,25;;
14.899;-0,37;0,38;0,08;0,09;-0,07;0,09;-0,10;0,10;;
14.946;-0,37;0,38;0,08;0,09;-0,07;0,09;-0,10;0,10;;
14.968;-0,26;0,26;0,08;0,09;-0,24;0,24;-0,10;0,10;;
14.996;-0,26;0,26;0,21;0,22;-0,24;0,24;0,04;0,08;;
15.042;-0,18;0,19;0,21;0,22;-0,38;0,38;0,04;0,08;;
15.046;-0,18;0,19;0,36;0,37;-0,38;0,38;0,19;0,21;;
15.096;-0,18;0,19;0,36;0,37;-0,38;0,38;0,19;0,21;;
15.108;-0,05;0,08;0,43;0,44;-0,41;0,41;0,30;0,32;;
15.159;-0,05;0,08;0,43;0,44;-0,41;0,41;0,30;0,32;;
15.178;0,11;0,14;0,43;0,44;-0,46;0,46;0,30;0,32;;
15.196;0,11;0,14;0,45;0,46;-0,46;0,46;0,39;0,42;;
15.246;0,21;0,24;0,45;0,46;-0,46;0,46;0,39;0,42;;
15.249;0,21;0,24;0,48;0,49;-0,49;0,50;0,45;0,48;;
15.296;0,21;0,24;0,48;0,49;-0,49;0,50;0,45;0,48;;
15.318;0,30;0,32;0,48;0,49;-0,41;0,42;0,45;0,48;;
15.359;0,30;0,32;0,43;0,44;-0,41;0,42;0,46;0,49;;
15.388;0,40;0,42;0,43;0,44;-0,32;0,33;0,46;0,49;;
15.396;0,40;0,42;0,32;0,34;-0,32;0,33;0,42;0,44;;
15.446;0,40;0,42;0,32;0,34;-0,32;0,33;0,42;0,44;;
15.458;0,41;0,44;0,24;0,25;-0,24;0,26;0,36;0,38;;
15.496;0,41;0,44;0,24;0,25;-0,24;0,26;0,36;0,38;;
15.533;0,39;0,41;0,24;0,25;-0,08;0,11;0,36;0,38;;
15.547;0,39;0,41;0,09;0,11;-0,08;0,11;0,26;0,27;;
15.596;0,38;0,39;0,09;0,11;-0,08;0,11;0,26;0,27;;
15.599;0,38;0,39;-0,08;0,10;0,08;0,10;0,12;0,12;;
15.646;0,38;0,39;-0,08;0,10;0,08;0,10;0,12;0,12;;
15.667;0,29;0,30;-0,08;0,10;0,18;0,18;0,12;0,12;;
15.696;0,29;0,30;-0,19;0,19;0,18;0,18;-0,01;0,05;;
15.741;0,16;0,17;-0,19;0,19;0,31;0,31;-0,01;0,05;;
15.746;0,16;0,17;-0,31;0,32;0,31;0,31;-0,14;0,16;;
15.796;0,16;0,17;-0,31;0,32;0,31;0,31;-0,14;0,16;;
15.809;0,07;0,08;-0,43;0,44;0,42;0,42;-0,28;0,31;;
15.859;0,07;0,08;-0,43;0,44;0,42;0,42;-0,28;0,31;;
15.878;-0,05;0,08;-0,43;0,44;0,44;0,44;-0,28;0,31;;
15.896;-0,05;0,08;-0,45;0,45;0,44;0,44;-0,37;0,40;;
15.951;-0,20;0,22;-0,45;0,45;0,44;0,44;-0,37;0,40;;
15.953;-0,20;0,22;-0,45;0,46;0,45;0,46;-0,43;0,45;;
15.996;-0,20;0,22;-0,45;0,46;0,45;0,46;-0,43;0,45;;
16.018;-0,29;0,31;-0,45;0,46;0,44;0,45;-0,43;0,45;;
16.049;-0,29;0,31;-0,46;0,47;0,44;0,45;-0,45;0,47;;
16.088;-0,35;0,38;-0,46;0,47;0,34;0,35;-0,45;0,47;;
16.096;-0,35;0,38;-0,37;0,38;0,34;0,35;-0,44;0,46;;
16.159;-0,35;0,38;-0,37;0,38;0,34;0,35;-0,44;0,46;;
16.162;-0,42;0,44;-0,23;0,24;0,23;0,25;-0,38;0,39;;
16.196;-0,42;0,44;-0,23;0,24;0,23;0,25;-0,38;0,39;;
16.227;-0,41;0,43;-0,23;0,24;0,12;0,15;-0,38;0,39;;
16.252;-0,41;0,43;-0,14;0,16;0,12;0,15;-0,29;0,29;;
16.296;-0,37;0,39;-0,14;0,16;0,12;0,15;-0,29;0,29;;
16.299;-0,37;0,39;0,00;0,09;-0,04;0,07;-0,16;0,16;;
16.352;-0,37;0,39;0,00;0,09;-0,04;0,07;-0,16;0,16;;
16.368;-0,32;0,34;0,00;0,09;-0,17;0,17;-0,16;0,16;;
16.396;-0,32;0,34;0,18;0,21;-0,17;0,17;-0,03;0,04;;
16.438;-0,22;0,23;0,18;0,21;-0,27;0,27;-0,03;0,04;;
16.461;-0,22;0,23;0,27;0,29;-0,27;0,27;0,11;0,13;;
16.496;-0,22;0,23;0,27;0,29;-0,27;0,27;0,11;0,13;;
16.508;-0,09;0,09;0,36;0,37;-0,39;0,39;0,24;0,27;;
16.554;-0,09;0,09;0,36;0,37;-0,39;0,39;0,24;0,27;;
16.578;0,02;0,02;0,36;0,37;-0,45;0,45;0,24;0,27;;
16.596;0,02;0,02;0,45;0,46;-0,45;0,45;0,33;0,35;;
16.65;0,14;0,15;0,45;0,46;-0,45;0,45;0,33;0,35;;
16.652;0,14;0,15;0,45;0,47;-0,44;0,45;0,41;0,43;;
16.696;0,14;0,15;0,45;0,47;-0,44;0,45;0,41;0,43;;
16.717;0,27;0,28;0,45;0,47;-0,43;0,44;0,41;0,43;;
16.754;0,27;0,28;0,41;0,42;-0,43;0,44;0,44;0,46;;
16.787;0,34;0,36;0,41;0,42;-0,38;0,39;0,44;0,46;;
16.795;0,34;0,36;0,38;0,39;-0,38;0,39;0,43;0,44;;
16.849;0,34;0,36;0,38;0,39;-0,38;0,39;0,43;0,44;;
16.861;0,38;0,40;0,38;0,39;-0,26;0,28;0,37;0,38;;
16.896;0,38;0,40;0,26;0,27;-0,26;0,28;0,37;0,38;;
16.927;0,41;0,43;0,26;0,27;-0,15;0,17;0,37;0,38;;
16.946;0,41;0,43;0,11;0,12;-0,15;0,17;0,30;0,30;;
16.996;0,37;0,39;0,11;0,12;-0,15;0,17;0,30;0,30;;
17.0;0,37;0,39;0,01;0,08;-0,03;0,08;0,19;0,19;;
17.052;0,37;0,39;0,01;0,08;-0,03;0,08;0,19;0,19;;
17.068;0,30;0,31;0,01;0,08;0,14;0,15;0,05;0,08;;
17.096;0,30;0,31;-0,14;0,17;0,14;0,15;0,05;0,08;;
17.138;0,25;0,26;-0,14;0,17;0,25;0,25;0,05;0,08;;
17.156;0,25;0,26;-0,29;0,31;0,25;0,25;-0,07;0,11;;
17.196;0,25;0,26;-0,29;0,31;0,25;0,25;-0,07;0,11;;
17.208;0,12;0,13;-0,29;0,31;0,33;0,33;-0,20;0,22;;
17.255;0,12;0,13;-0,36;0,38;0,33;0,33;-0,20;0,22;;
17.278;0,12;0,12;-0,36;0,38;0,43;0,43;-0,20;0,22;;
17.296;0,12;0,12;-0,41;0,43;0,43;0,43;-0,32;0,35;;
17.355;-0,10;0,11;-0,41;0,43;0,43;0,43;-0,32;0,35;;
17.362;-0,10;0,11;-0,47;0,48;0,45;0,45;-0,39;0,42;;
17.396;-0,10;0,11;-0,47;0,48;0,45;0,45;-0,39;0,42;;
17.418;-0,21;0,22;-0,47;0,48;0,41;0,42;-0,43;0,44;;
17.459;-0,21;0,22;-0,44;0,45;0,41;0,42;-0,43;0,44;;
17.53;-0,33;0,34;-0,44;0,45;0,37;0,38;-0,43;0,44;;
17.53;-0,33;0,34;-0,37;0,38;0,37;0,38;-0,43;0,44;;
17.546;-0,33;0,34;-0,37;0,38;0,37;0,38;-0,43;0,44;;
17.566;-0,37;0,38;-0,37;0,38;0,30;0,31;-0,40;0,41;;
17.596;-0,37;0,38;-0,30;0,30;0,30;0,31;-0,40;0,41;;
17.628;-0,38;0,39;-0,30;0,30;0,16;0,18;-0,40;0,41;;
17.645;-0,38;0,39;-0,19;0,19;0,16;0,18;-0,32;0,32;;
17.696;-0,41;0,42;-0,19;0,19;0,16;0,18;-0,32;0,32;;
17.699;-0,41;0,42;-0,04;0,05;0,03;0,09;-0,22;0,22;;
17.756;-0,41;0,42;-0,04;0,05;0,03;0,09;-0,22;0,22;;
17.768;-0,35;0,36;-0,04;0,05;-0,08;0,11;-0,10;0,11;;
17.796;-0,35;0,36;0,07;0,09;-0,08;0,11;-0,10;0,11;;
17.838;-0,26;0,27;0,07;0,09;-0,23;0,24;-0,10;0,11;;
17.846;-0,26;0,27;0,21;0,23;-0,23;0,24;0,04;0,09;;
17.866;-0,26;0,27;0,21;0,23;-0,23;0,24;0,04;0,09;;
17.888;-0,17;0,18;0,21;0,23;-0,34;0,34;0,17;0,21;;
17.907;-0,17;0,18;0,35;0,37;-0,34;0,34;0,17;0,21;;
17.913;-0,06;0,07;0,35;0,37;-0,38;0,38;0,17;0,21;;
17.927;-0,06;0,07;0,39;0,40;-0,38;0,38;0,27;0,30;;
17.946;0,08;0,08;0,39;0,40;-0,38;0,38;0,27;0,30;;
17.978;0,08;0,08;0,43;0,44;-0,44;0,44;0,36;0,38;;
17.979;0,08;0,08;0,43;0,44;-0,44;0,44;0,36;0,38;;
17.986;0,17;0,18;0,43;0,44;-0,44;0,44;0,41;0,43;;
18.006;0,17;0,18;0,44;0,46;-0,44;0,44;0,41;0,43;;
18.026;0,27;0,28;0,44;0,46;-0,38;0,39;0,41;0,43;;
18.046;0,27;0,28;0,38;0,39;-0,38;0,39;0,42;0,44;;
18.05;0,27;0,28;0,38;0,39;-0,38;0,39;0,42;0,44;;
18.075;0,36;0,37;0,38;0,39;-0,31;0,32;0,39;0,40;;
18.086;0,36;0,37;0,29;0,30;-0,31;0,32;0,39;0,40;;
18.106;0,38;0,39;0,29;0,30;-0,21;0,22;0,39;0,40;;
18.117;0,38;0,39;0,22;0,23;-0,21;0,22;0,33;0,33;;
18.127;0,37;0,38;0,22;0,23;-0,21;0,22;0,33;0,33;;
18.146;0,37;0,38;0,07;0,07;-0,07;0,09;0,24;0,25;;
18.174;0,37;0,38;0,07;0,07;-0,07;0,09;0,24;0,25;;
18.186;0,35;0,36;0,07;0,07;0,06;0,09;0,13;0,15;;
18.193;0,35;0,36;-0,07;0,07;0,06;0,09;0,13;0,15;;
18.21;0,28;0,29;-0,07;0,07;0,18;0,19;0,13;0,15;;
18.226;0,28;0,29;-0,17;0,18;0,18;0,19;0,01;0,12;;
18.246;0,28;0,29;-0,17;0,18;0,18;0,19;0,01;0,12;;
18.268;0,18;0,18;-0,17;0,18;0,29;0,30;-0,12;0,18;;
18.278;0,18;0,18;-0,30;0,31;0,29;0,30;-0,12;0,18;;
18.286;0,08;0,08;-0,30;0,31;0,38;0,38;-0,12;0,18;;
18.306;0,08;0,08;-0,39;0,40;0,38;0,38;-0,26;0,30;;
18.326;-0,04;0,05;-0,39;0,40;0,38;0,38;-0,26;0,30;;
18.33;-0,04;0,05;-0,41;0,43;0,41;0,41;-0,33;0,37;;
18.346;-0,04;0,05;-0,41;0,43;0,41;0,41;-0,33;0,37;;
18.371;-0,16;0,17;-0,41;0,43;0,43;0,43;-0,40;0,43;;
18.386;-0,16;0,17;-0,43;0,44;0,43;0,43;-0,40;0,43;;
18.398;-0,25;0,26;-0,43;0,44;0,39;0,39;-0,40;0,43;;
18.41;-0,25;0,26;-0,42;0,43;0,39;0,39;-0,43;0,44;;
18.426;-0,25;0,26;-0,42;0,43;0,39;0,39;-0,43;0,44;;
18.475;-0,33;0,34;-0,42;0,43;0,32;0,32;-0,41;0,42;;
18.477;-0,33;0,34;-0,31;0,32;0,32;0,32;-0,41;0,42;;
18.526;-0,38;0,39;-0,31;0,32;0,23;0,23;-0,41;0,42;;
18.538;-0,38;0,39;-0,23;0,24;0,23;0,23;-0,37;0,37;;
18.576;-0,38;0,39;-0,23;0,24;0,23;0,23;-0,37;0,37;;
18.608;-0,38;0,39;-0,13;0,13;0,10;0,10;-0,28;0,28;;
18.626;-0,38;0,39;-0,13;0,13;0,10;0,10;-0,28;0,28;;
18.679;-0,36;0,37;-0,13;0,13;-0,04;0,05;-0,17;0,18;;
18.682;-0,36;0,37;0,02;0,02;-0,04;0,05;-0,17;0,18;;
18.726;-0,30;0,31;0,02;0,02;-0,15;0,15;-0,17;0,18;;
18.748;-0,30;0,31;0,15;0,15;-0,15;0,15;-0,05;0,11;;
18.776;-0,30;0,31;0,15;0,15;-0,15;0,15;-0,05;0,11;;
18.818;-0,21;0,21;0,15;0,15;-0,27;0,27;0,09;0,15;;
18.826;-0,21;0,21;0,27;0,28;-0,27;0,27;0,09;0,15;;
18.877;-0,12;0,12;0,27;0,28;-0,36;0,36;0,09;0,15;;
18.888;-0,12;0,12;0,35;0,36;-0,36;0,36;0,21;0,27;;
18.926;0,00;0,03;0,35;0,36;-0,36;0,36;0,21;0,27;;
18.968;0,00;0,03;0,41;0,42;-0,41;0,42;0,30;0,34;;
18.986;0,00;0,03;0,41;0,42;-0,41;0,42;0,30;0,34;;
19.026;0,12;0,13;0,41;0,42;-0,42;0,43;0,37;0,40;;
19.029;0,12;0,13;0,42;0,43;-0,42;0,43;0,37;0,40;;
19.076;0,22;0,23;0,42;0,43;-0,41;0,42;0,37;0,40;;
19.098;0,22;0,23;0,40;0,41;-0,41;0,42;0,41;0,43;;
19.126;0,22;0,23;0,40;0,41;-0,41;0,42;0,41;0,43;;
19.176;0,30;0,31;0,40;0,41;-0,35;0,36;0,40;0,42;;
19.178;0,30;0,31;0,34;0,35;-0,35;0,36;0,40;0,42;;
19.226;0,35;0,36;0,34;0,35;-0,24;0,25;0,40;0,42;;
19.248;0,35;0,36;0,25;0,25;-0,24;0,25;0,36;0,37;;
19.294;0,37;0,39;0,25;0,25;-0,24;0,25;0,36;0,37;;
19.317;0,37;0,39;0,13;0,13;-0,14;0,15;0,29;0,29;;
19.327;0,37;0,39;0,13;0,13;-0,14;0,15;0,29;0,29;;
19.378;0,35;0,36;0,13;0,13;-0,02;0,05;0,18;0,18;;
19.387;0,35;0,36;0,01;0,01;-0,02;0,05;0,18;0,18;;
19.426;0,31;0,32;0,01;0,01;0,13;0,14;0,18;0,18;;
19.458;0,31;0,32;-0,12;0,12;0,13;0,14;0,06;0,10;;
19.481;0,31;0,32;-0,12;0,12;0,13;0,14;0,06;0,10;;
19.526;0,23;0,24;-0,12;0,12;0,23;0,23;-0,05;0,13;;
19.53;0,23;0,24;-0,24;0,25;0,23;0,23;-0,05;0,13;;
19.584;0,13;0,14;-0,24;0,25;0,32;0,32;-0,05;0,13;;
19.598;0,13;0,14;-0,33;0,34;0,32;0,32;-0,18;0,23;;
19.626;0,02;0,05;-0,33;0,34;0,32;0,32;-0,18;0,23;;
19.668;0,02;0,05;-0,39;0,40;0,39;0,39;-0,18;0,23;;
19.688;0,02;0,05;-0,39;0,40;0,39;0,39;-0,18;0,23;;
19.726;-0,09;0,11;-0,39;0,40;0,41;0,41;-0,18;0,23;;
19.737;-0,09;0,11;-0,42;0,43;0,41;0,41;-0,29;0,33;;
19.79;-0,20;0,21;-0,42;0,43;0,39;0,40;-0,29;0,33;;
19.809;-0,20;0,21;-0,41;0,42;0,39;0,40;-0,29;0,33;;
19.826;-0,20;0,21;-0,41;0,42;0,39;0,40;-0,29;0,33;;
19.885;-0,28;0,29;-0,41;0,42;0,35;0,36;-0,36;0,39;;
19.947;-0,28;0,29;-0,35;0,36;0,35;0,36;-0,36;0,39;;
19.948;-0,34;0,36;-0,35;0,36;0,27;0,28;-0,36;0,39;;
19.949;-0,34;0,36;-0,28;0,29;0,27;0,28;-0,36;0,39;;
19.982;-0,36;0,37;-0,28;0,29;0,27;0,28;-0,36;0,39;;
20.017;-0,36;0,37;-0,17;0,17;0,15;0,17;-0,40;0,42;;
20.026;-0,36;0,37;-0,17;0,17;0,15;0,17;-0,40;0,42;;
20.089;-0,37;0,38;-0,17;0,17;0,03;0,08;-0,40;0,42;;
20.091;-0,37;0,38;-0,04;0,05;0,03;0,08;-0,40;0,42;;
20.126;-0,32;0,33;-0,04;0,05;-0,08;0,11;-0,41;0,42;;
20.159;-0,32;0,33;0,08;0,09;-0,08;0,11;-0,41;0,42;;
20.176;-0,32;0,33;0,08;0,09;-0,08;0,11;-0,41;0,42;;
20.227;-0,23;0,24;0,08;0,09;-0,21;0,22;-0,41;0,42;;
20.229;-0,23;0,24;0,20;0,20;-0,21;0,22;-0,41;0,42;;
20.285;-0,16;0,16;0,20;0,20;-0,31;0,31;-0,37;0,37;;
20.3;-0,16;0,16;0,31;0,32;-0,31;0,31;-0,37;0,37;;
20.326;-0,16;0,16;0,31;0,32;-0,31;0,31;-0,37;0,37;;
20.368;-0,04;0,07;0,37;0,38;-0,37;0,37;-0,37;0,37;;
20.392;-0,04;0,07;0,37;0,38;-0,37;0,37;-0,30;0,30;;
20.426;0,08;0,11;0,37;0,38;-0,41;0,41;-0,30;0,30;;
20.437;0,08;0,11;0,40;0,41;-0,41;0,41;-0,30;0,30;;
20.49;0,16;0,19;0,40;0,41;-0,41;0,41;-0,30;0,30;;
20.512;0,16;0,19;0,41;0,42;-0,41;0,41;-0,30;0,30;;
20.528;0,16;0,19;0,41;0,42;-0,41;0,41;-0,20;0,20;;
20.584;0,26;0,28;0,41;0,42;-0,36;0,36;-0,20;0,20;;
20.586;0,26;0,28;0,35;0,36;-0,36;0,36;-0,20;0,20;;
20.626;0,33;0,35;0,35;0,36;-0,29;0,29;-0,20;0,20;;
20.647;0,33;0,35;0,28;0,29;-0,29;0,29;-0,09;0,12;;
20.685;0,33;0,35;0,28;0,29;-0,29;0,29;-0,09;0,12;;
20.717;0,34;0,36;0,19;0,19;-0,19;0,20;-0,09;0,12;;
20.726;0,34;0,36;0,19;0,19;-0,19;0,20;0,04;0,10;;
20.781;0,34;0,36;0,19;0,19;-0,08;0,10;0,04;0,10;;
20.788;0,34;0,36;0,06;0,06;-0,08;0,10;0,16;0,20;;
20.826;0,32;0,33;0,06;0,06;0,04;0,07;0,16;0,20;;
20.858;0,32;0,33;-0,06;0,07;0,04;0,07;0,16;0,20;;
20.876;0,32;0,33;-0,06;0,07;0,04;0,07;0,26;0,29;;
20.927;0,24;0,25;-0,06;0,07;0,15;0,17;0,26;0,29;;
20.929;0,24;0,25;-0,17;0,17;0,15;0,17;0,34;0,37;;
20.996;0,15;0,16;-0,17;0,17;0,26;0,27;0,34;0,37;;
20.999;0,15;0,16;-0,28;0,29;0,26;0,27;0,39;0,41;;
21.026;0,15;0,16;-0,28;0,29;0,26;0,27;0,39;0,41;;
21.068;0,06;0,07;-0,36;0,37;0,35;0,36;0,39;0,41;;
21.076;0,06;0,07;-0,36;0,37;0,35;0,36;0,39;0,40;;
21.126;-0,05;0,09;-0,36;0,37;0,38;0,39;0,39;0,40;;
21.137;-0,05;0,09;-0,38;0,39;0,38;0,39;0,37;0,38;;
21.185;-0,16;0,18;-0,38;0,39;0,39;0,40;0,37;0,38;;
21.208;-0,16;0,18;-0,40;0,41;0,39;0,40;0,37;0,38;;
21.226;-0,16;0,18;-0,40;0,41;0,39;0,40;0,31;0,31;;
21.292;-0,24;0,26;-0,40;0,41;0,37;0,37;0,31;0,31;;
21.296;-0,24;0,26;-0,38;0,39;0,37;0,37;0,21;0,21;;
21.326;-0,31;0,34;-0,38;0,39;0,30;0,30;0,21;0,21;;
21.348;-0,31;0,34;-0,29;0,30;0,30;0,30;0,10;0,12;;
21.393;-0,31;0,34;-0,29;0,30;0,30;0,30;0,10;0,12;;
21.418;-0,35;0,38;-0,22;0,23;0,21;0,21;0,10;0,12;;
21.426;-0,35;0,38;-0,22;0,23;0,21;0,21;-0,01;0,09;;
21.492;-0,34;0,35;-0,22;0,23;0,11;0,12;-0,01;0,09;;
21.495;-0,34;0,35;-0,11;0,12;0,11;0,12;-0,13;0,17;;
21.526;-0,33;0,35;-0,11;0,12;-0,02;0,04;-0,13;0,17;;
21.558;-0,33;0,35;0,04;0,06;-0,02;0,04;-0,13;0,17;;
21.576;-0,33;0,35;0,04;0,06;-0,02;0,04;-0,24;0,27;;
21.627;-0,26;0,28;0,04;0,06;-0,13;0,14;-0,24;0,27;;
21.629;-0,26;0,28;0,14;0,16;-0,13;0,14;-0,32;0,34;;
21.686;-0,18;0,19;0,14;0,16;-0,26;0,26;-0,32;0,34;;
21.698;-0,18;0,19;0,24;0,25;-0,26;0,26;-0,38;0,39;;
21.726;-0,18;0,19;0,24;0,25;-0,26;0,26;-0,38;0,39;;
21.768;-0,10;0,10;0,34;0,35;-0,34;0,34;-0,38;0,39;;
21.776;-0,10;0,10;0,34;0,35;-0,34;0,34;-0,40;0,41;;
21.826;0,02;0,03;0,34;0,35;-0,38;0,39;-0,40;0,41;;
21.837;0,02;0,03;0,37;0,38;-0,38;0,39;-0,37;0,38;;
21.885;0,13;0,14;0,37;0,38;-0,38;0,39;-0,37;0,38;;
21.908;0,13;0,14;0,38;0,39;-0,40;0,40;-0,37;0,38;;
21.926;0,13;0,14;0,38;0,39;-0,40;0,40;-0,33;0,33;;
21.976;0,20;0,22;0,38;0,39;-0,37;0,37;-0,33;0,33;;
21.978;0,20;0,22;0,37;0,38;-0,37;0,37;-0,24;0,24;;
22.026;0,28;0,29;0,37;0,38;-0,30;0,30;-0,24;0,24;;
22.047;0,28;0,29;0,31;0,32;-0,30;0,30;-0,14;0,16;;
22.076;0,28;0,29;0,31;0,32;-0,30;0,30;-0,14;0,16;;
22.117;0,33;0,34;0,22;0,23;-0,22;0,22;-0,14;0,16;;
22.126;0,33;0,34;0,22;0,23;-0,22;0,22;-0,03;0,10;;
22.176;0,33;0,35;0,22;0,23;-0,11;0,11;-0,03;0,10;;
22.187;0,33;0,35;0,12;0,14;-0,11;0,11;0,10;0,16;;
22.226;0,31;0,33;0,12;0,14;-0,11;0,11;0,10;0,16;;
22.258;0,31;0,33;0,00;0,09;0,02;0,03;0,10;0,16;;
22.276;0,31;0,33;0,00;0,09;0,02;0,03;0,21;0,25;;
22.327;0,27;0,28;0,00;0,09;0,12;0,12;0,21;0,25;;
22.329;0,27;0,28;-0,12;0,14;0,12;0,12;0,29;0,32;;
22.376;0,19;0,20;-0,12;0,14;0,23;0,23;0,29;0,32;;
22.402;0,19;0,20;-0,22;0,24;0,23;0,23;0,36;0,38;;
22.426;0,19;0,20;-0,22;0,24;0,23;0,23;0,36;0,38;;
22.468;0,10;0,11;-0,22;0,24;0,32;0,32;0,36;0,38;;
22.477;0,10;0,11;-0,32;0,34;0,32;0,32;0,38;0,39;;
22.527;0,00;0,01;-0,32;0,34;0,36;0,36;0,38;0,39;;
22.538;0,00;0,01;-0,38;0,39;0,36;0,36;0,37;0,38;;
22.576;-0,10;0,11;-0,38;0,39;0,36;0,36;0,37;0,38;;
22.622;-0,10;0,11;-0,38;0,38;0,38;0,38;0,37;0,38;;
22.627;-0,10;0,11;-0,38;0,38;0,38;0,38;0,32;0,32;;
22.676;-0,20;0,20;-0,38;0,38;0,36;0,36;0,32;0,32;;
22.679;-0,20;0,20;-0,38;0,39;0,36;0,36;0,26;0,27;;
22.731;-0,27;0,28;-0,38;0,39;0,30;0,30;0,26;0,27;;
22.748;-0,27;0,28;-0,31;0,32;0,30;0,30;0,15;0,18;;
22.776;-0,27;0,28;-0,31;0,32;0,30;0,30;0,15;0,18;;
22.856;-0,31;0,32;-0,31;0,32;0,23;0,23;0,15;0,18;;
22.857;-0,31;0,32;-0,24;0,24;0,23;0,23;0,04;0,12;;
22.876;-0,33;0,34;-0,24;0,24;0,13;0,14;0,04;0,12;;
22.898;-0,33;0,34;-0,14;0,15;0,13;0,14;-0,07;0,14;;
22.934;-0,33;0,34;-0,14;0,15;0,13;0,14;-0,07;0,14;;
22.968;-0,33;0,34;-0,01;0,05;0,00;0,02;-0,07;0,14;;
22.976;-0,33;0,34;-0,01;0,05;0,00;0,02;-0,19;0,24;;
23.026;-0,28;0,29;-0,01;0,05;-0,11;0,11;-0,19;0,24;;
23.038;-0,28;0,29;0,10;0,13;-0,11;0,11;-0,28;0,31;;
23.076;-0,21;0,21;0,10;0,13;-0,21;0,21;-0,28;0,31;;
23.121;-0,21;0,21;0,20;0,23;-0,21;0,21;-0,34;0,36;;
23.127;-0,21;0,21;0,20;0,23;-0,21;0,21;-0,34;0,36;;
23.176;-0,14;0,14;0,20;0,23;-0,31;0,31;-0,34;0,36;;
23.178;-0,14;0,14;0,30;0,31;-0,31;0,31;-0,38;0,39;;
23.226;-0,03;0,04;0,30;0,31;-0,36;0,36;-0,38;0,39;;
23.248;-0,03;0,04;0,35;0,36;-0,36;0,36;-0,38;0,39;;
23.276;0,07;0,08;0,35;0,36;-0,36;0,36;-0,38;0,39;;
23.327;0,07;0,08;0,37;0,39;-0,37;0,37;-0,38;0,39;;
23.328;0,07;0,08;0,37;0,39;-0,37;0,37;-0,34;0,34;;
23.376;0,15;0,16;0,37;0,39;-0,38;0,38;-0,34;0,34;;
23.387;0,15;0,16;0,36;0,38;-0,38;0,38;-0,27;0,28;;
23.426;0,24;0,25;0,36;0,38;-0,32;0,32;-0,27;0,28;;
23.458;0,24;0,25;0,31;0,32;-0,32;0,32;-0,18;0,21;;
23.476;0,24;0,25;0,31;0,32;-0,32;0,32;-0,18;0,21;;
23.527;0,30;0,31;0,31;0,32;-0,24;0,24;-0,18;0,21;;
23.529;0,30;0,31;0,25;0,26;-0,24;0,24;-0,08;0,15;;
23.576;0,31;0,32;0,25;0,26;-0,17;0,17;-0,08;0,15;;
23.598;0,31;0,32;0,15;0,16;-0,17;0,17;0,04;0,16;;
23.632;0,31;0,32;0,15;0,16;-0,17;0,17;0,04;0,16;;
23.667;0,31;0,32;0,03;0,05;-0,04;0,05;0,04;0,16;;
23.677;0,31;0,32;0,03;0,05;-0,04;0,05;0,16;0,23;;
23.726;0,28;0,29;0,03;0,05;0,08;0,08;0,16;0,23;;
23.738;0,28;0,29;-0,08;0,10;0,08;0,08;0,24;0,29;;
23.776;0,22;0,23;-0,08;0,10;0,17;0,17;0,24;0,29;;
23.816;0,22;0,23;-0,18;0,19;0,17;0,17;0,32;0,35;;
23.828;0,22;0,23;-0,18;0,19;0,17;0,17;0,32;0,35;;
23.876;0,14;0,15;-0,18;0,19;0,27;0,27;0,32;0,35;;
23.879;0,14;0,15;-0,28;0,29;0,27;0,27;0,36;0,38;;
23.927;0,05;0,07;-0,28;0,29;0,34;0,34;0,36;0,38;;
23.948;0,05;0,07;-0,34;0,36;0,34;0,34;0,36;0,37;;
23.976;-0,05;0,08;-0,34;0,36;0,34;0,34;0,36;0,37;;
24.026;-0,05;0,08;-0,36;0,37;0,36;0,36;0,36;0,37;;
24.028;-0,05;0,08;-0,36;0,37;0,36;0,36;0,33;0,34;;
24.076;-0,14;0,16;-0,36;0,37;0,36;0,36;0,33;0,34;;
24.088;-0,14;0,16;-0,37;0,38;0,36;0,36;0,28;0,29;;
24.127;-0,14;0,16;-0,37;0,38;0,33;0,33;0,28;0,29;;
24.158;-0,14;0,16;-0,33;0,34;0,33;0,33;0,20;0,22;;
24.176;-0,14;0,16;-0,33;0,34;0,33;0,33;0,20;0,22;;
24.227;-0,22;0,24;-0,33;0,34;0,25;0,26;0,20;0,22;;
24.229;-0,22;0,24;-0,25;0,26;0,25;0,26;0,09;0,17;;
24.276;-0,22;0,24;-0,25;0,26;0,17;0,18;0,09;0,17;;
24.298;-0,22;0,24;-0,18;0,19;0,17;0,18;-0,02;0,17;;
24.328;-0,28;0,30;-0,18;0,19;0,17;0,18;-0,02;0,17;;
24.368;-0,28;0,30;-0,07;0,08;0,07;0,08;-0,02;0,17;;
24.376;-0,28;0,30;-0,07;0,08;0,07;0,08;-0,13;0,22;;
24.426;-0,28;0,30;-0,07;0,08;-0,06;0,07;-0,13;0,22;;
24.437;-0,28;0,30;0,05;0,07;-0,06;0,07;-0,24;0,30;;
24.476;-0,31;0,33;0,05;0,07;-0,16;0,17;-0,24;0,30;;
24.516;-0,31;0,33;0,15;0,17;-0,16;0,17;-0,31;0,35;;
24.529;-0,31;0,33;0,15;0,17;-0,16;0,17;-0,31;0,35;;
24.576;-0,31;0,33;0,15;0,17;-0,25;0,25;-0,31;0,35;;
24.578;-0,31;0,32;0,24;0,26;-0,25;0,25;-0,35;0,37;;
24.626;-0,31;0,32;0,24;0,26;-0,33;0,33;-0,35;0,37;;
24.647;-0,31;0,32;0,32;0,33;-0,33;0,33;-0,37;0,38;;
24.676;-0,31;0,32;0,32;0,33;-0,33;0,33;-0,37;0,38;;
24.724;-0,31;0,32;0,32;0,33;-0,36;0,36;-0,37;0,38;;
24.726;-0,30;0,31;0,35;0,36;-0,36;0,36;-0,35;0,35;;
24.776;-0,30;0,31;0,35;0,36;-0,36;0,36;-0,35;0,35;;
24.787;-0,30;0,31;0,35;0,36;-0,36;0,36;-0,29;0,29;;
24.827;-0,30;0,31;0,35;0,36;-0,34;0,34;-0,29;0,29;;
24.858;-0,23;0,24;0,33;0,34;-0,34;0,34;-0,23;0,24;;
24.876;-0,23;0,24;0,33;0,34;-0,34;0,34;-0,23;0,24;;
24.927;-0,23;0,24;0,33;0,34;-0,28;0,28;-0,23;0,24;;
24.933;-0,23;0,24;0,27;0,28;-0,28;0,28;-0,12;0,16;;
24.976;-0,23;0,24;0,27;0,28;-0,19;0,19;-0,12;0,16;;
24.998;-0,16;0,16;0,19;0,20;-0,19;0,19;0,00;0,15;;
25.027;-0,16;0,16;0,19;0,20;-0,19;0,19;0,00;0,15;;
25.068;-0,16;0,16;0,19;0,20;-0,10;0,11;0,00;0,15;;
25.076;-0,16;0,16;0,08;0,11;-0,10;0,11;0,09;0,20;;
25.128;-0,09;0,09;0,08;0,11;0,01;0,03;0,09;0,20;;
25.139;-0,09;0,09;-0,02;0,11;0,01;0,03;0,20;0,27;;
25.176;-0,09;0,09;-0,02;0,11;0,14;0,14;0,20;0,27;;
25.218;0,03;0,04;-0,14;0,18;0,14;0,14;0,28;0,33;;
25.23;0,03;0,04;-0,14;0,18;0,14;0,14;0,28;0,33;;
25.276;0,11;0,13;-0,14;0,18;0,22;0,22;0,28;0,33;;
25.28;0,11;0,13;-0,23;0,25;0,22;0,22;0,32;0,36;;
25.327;0,11;0,13;-0,23;0,25;0,29;0,29;0,32;0,36;;
25.348;0,19;0,21;-0,30;0,32;0,29;0,29;0,35;0,38;;
25.376;0,19;0,21;-0,30;0,32;0,29;0,29;0,35;0,38;;
25.427;0,25;0,27;-0,30;0,32;0,35;0,35;0,35;0,38;;
25.434;0,25;0,27;-0,35;0,36;0,35;0,35;0,35;0,37;;
25.476;0,29;0,30;-0,35;0,36;0,36;0,37;0,35;0,37;;
25.487;0,29;0,30;-0,36;0,37;0,36;0,37;0,29;0,30;;
25.527;0,29;0,30;-0,36;0,37;0,32;0,33;0,29;0,30;;
25.558;0,30;0,32;-0,34;0,35;0,32;0,33;0,23;0,23;;
25.576;0,30;0,32;-0,34;0,35;0,32;0,33;0,23;0,23;;
25.627;0,29;0,31;-0,34;0,35;0,28;0,29;0,23;0,23;;
25.63;0,29;0,31;-0,28;0,29;0,28;0,29;0,14;0,15;;
25.676;0,29;0,31;-0,28;0,29;0,21;0,21;0,14;0,15;;
25.698;0,24;0,25;-0,22;0,23;0,21;0,21;0,02;0,11;;
25.742;0,24;0,25;-0,22;0,23;0,21;0,21;0,02;0,11;;
25.776;0,18;0,19;-0,22;0,23;0,10;0,10;0,02;0,11;;
25.786;0,18;0,19;-0,10;0,13;0,10;0,10;-0,08;0,16;;
25.826;0,10;0,11;-0,10;0,13;0,00;0,02;-0,08;0,16;;
25.857;0,10;0,11;0,00;0,09;0,00;0,02;-0,17;0,24;;
25.876;0,10;0,11;0,00;0,09;-0,10;0,10;-0,17;0,24;;
25.926;0,01;0,01;0,09;0,14;-0,10;0,10;-0,27;0,33;;
25.928;0,01;0,01;0,09;0,14;-0,10;0,10;-0,27;0,33;;
25.976;-0,08;0,09;0,09;0,14;-0,21;0,21;-0,27;0,33;;
25.998;-0,08;0,09;0,19;0,23;-0,21;0,21;-0,33;0,37;;
26.026;-0,08;0,09;0,19;0,23;-0,29;0,29;-0,33;0,37;;
26.068;-0,17;0,18;0,28;0,30;-0,29;0,29;-0,34;0,37;;
26.076;-0,17;0,18;0,28;0,30;-0,29;0,29;-0,34;0,37;;
26.126;-0,23;0,24;0,28;0,30;-0,32;0,33;-0,34;0,37;;
26.138;-0,23;0,24;0,32;0,34;-0,32;0,33;-0,35;0,37;;
26.176;-0,28;0,30;0,32;0,34;-0,35;0,35;-0,35;0,37;;
26.223;-0,28;0,30;0,34;0,36;-0,35;0,35;-0,32;0,33;;
26.226;-0,28;0,30;0,34;0,36;-0,35;0,36;-0,32;0,33;;
26.276;-0,30;0,30;0,34;0,35;-0,35;0,36;-0,25;0,25;;
26.279;-0,30;0,30;0,34;0,35;-0,35;0,36;-0,25;0,25;;
26.326;-0,30;0,31;0,34;0,35;-0,28;0,29;-0,25;0,25;;
26.348;-0,30;0,31;0,28;0,29;-0,28;0,29;-0,17;0,17;;
26.376;-0,30;0,31;0,28;0,29;-0,23;0,23;-0,17;0,17;;
26.426;-0,25;0,26;0,21;0,22;-0,23;0,23;-0,09;0,10;;
26.427;-0,25;0,26;0,21;0,22;-0,23;0,23;-0,09;0,10;;
26.476;-0,19;0,19;0,21;0,22;-0,15;0,15;-0,09;0,10;;
26.487;-0,19;0,19;0,13;0,15;-0,15;0,15;0,06;0,11;;
26.526;-0,14;0,14;0,13;0,15;-0,02;0,03;0,06;0,11;;
26.558;-0,14;0,14;0,02;0,09;-0,02;0,03;0,14;0,18;;
26.576;-0,14;0,14;0,02;0,09;0,07;0,07;0,14;0,18;;
26.629;-0,04;0,05;-0,08;0,14;0,07;0,07;0,21;0,25;;
26.631;-0,04;0,05;-0,08;0,14;0,07;0,07;0,21;0,25;;
26.676;0,06;0,06;-0,08;0,14;0,15;0,15;0,21;0,25;;
26.698;0,06;0,06;-0,17;0,21;0,15;0,15;0,30;0,32;;
26.726;0,06;0,06;-0,17;0,21;0,27;0,27;0,30;0,32;;
26.767;0,13;0,14;-0,26;0,29;0,27;0,27;0,34;0,36;;
26.776;0,13;0,14;-0,26;0,29;0,27;0,27;0,34;0,36;;
26.826;0,21;0,22;-0,26;0,29;0,32;0,32;0,34;0,36;;
26.838;0,21;0,22;-0,32;0,35;0,32;0,32;0,33;0,35;;
26.876;0,28;0,28;-0,32;0,35;0,32;0,32;0,33;0,35;;
26.926;0,28;0,28;-0,33;0,34;0,32;0,32;0,32;0,33;;
26.928;0,28;0,28;-0,33;0,34;0,34;0,35;0,32;0,33;;
26.976;0,28;0,29;-0,35;0,36;0,34;0,35;0,27;0,27;;
26.98;0,28;0,29;-0,35;0,36;0,34;0,35;0,27;0,27;;
27.026;0,28;0,29;-0,35;0,36;0,30;0,31;0,27;0,27;;
27.048;0,28;0,29;-0,30;0,31;0,30;0,31;0,18;0,18;;
27.076;0,28;0,29;-0,30;0,31;0,22;0,23;0,18;0,18;;
27.126;0,27;0,28;-0,23;0,23;0,22;0,23;0,09;0,10;;
27.127;0,27;0,28;-0,23;0,23;0,22;0,23;0,09;0,10;;
27.176;0,21;0,21;-0,23;0,23;0,16;0,17;0,09;0,10;;
27.187;0,21;0,21;-0,16;0,16;0,16;0,17;0,00;0,09;;
27.226;0,13;0,14;-0,16;0,16;0,06;0,07;0,00;0,09;;
27.257;0,13;0,14;-0,06;0,06;0,06;0,07;-0,12;0,15;;
27.276;0,13;0,14;-0,06;0,06;-0,07;0,07;-0,12;0,15;;
27.327;0,06;0,07;0,06;0,08;-0,07;0,07;-0,21;0,24;;
27.329;0,06;0,07;0,06;0,08;-0,07;0,07;-0,21;0,24;;
27.376;-0,03;0,07;0,06;0,08;-0,15;0,15;-0,21;0,24;;
27.398;-0,03;0,07;0,14;0,16;-0,15;0,15;-0,27;0,30;;
27.428;-0,03;0,07;0,14;0,16;-0,23;0,23;-0,27;0,30;;
27.467;-0,13;0,14;0,23;0,25;-0,23;0,23;-0,32;0,33;;
27.476;-0,13;0,14;0,23;0,25;-0,23;0,23;-0,32;0,33;;
27.526;-0,19;0,20;0,23;0,25;-0,31;0,31;-0,32;0,33;;
27.538;-0,19;0,20;0,30;0,32;-0,31;0,31;-0,35;0,36;;
27.576;-0,25;0,26;0,30;0,32;-0,32;0,32;-0,35;0,36;;
27.623;-0,25;0,26;0,32;0,34;-0,32;0,32;-0,32;0,33;;
27.628;-0,25;0,26;0,32;0,34;-0,33;0,33;-0,32;0,33;;
27.676;-0,29;0,30;0,33;0,35;-0,33;0,33;-0,28;0,28;;
27.679;-0,29;0,30;0,33;0,35;-0,33;0,33;-0,28;0,28;;
27.726;-0,29;0,29;0,33;0,35;-0,32;0,33;-0,28;0,28;;
27.748;-0,29;0,29;0,30;0,31;-0,32;0,33;-0,22;0,22;;
27.776;-0,29;0,29;0,30;0,31;-0,25;0,26;-0,22;0,22;;
27.819;-0,28;0,29;0,24;0,25;-0,25;0,26;-0,11;0,11;;
27.841;-0,28;0,29;0,24;0,25;-0,25;0,26;-0,11;0,11;;
27.886;-0,22;0,23;0,24;0,25;-0,17;0,18;-0,11;0,11;;
27.888;-0,22;0,23;0,16;0,17;-0,17;0,18;-0,02;0,06;;
27.936;-0,16;0,17;0,16;0,17;-0,09;0,10;-0,02;0,06;;
27.958;-0,16;0,17;0,07;0,07;-0,09;0,10;0,07;0,11;;
27.986;-0,16;0,17;0,07;0,07;0,02;0,04;0,07;0,11;;
28.029;-0,09;0,11;-0,03;0,04;0,02;0,04;0,19;0,21;;
28.036;-0,09;0,11;-0,03;0,04;0,02;0,04;0,19;0,21;;
28.086;0,01;0,08;-0,03;0,04;0,12;0,12;0,19;0,21;;
28.098;0,01;0,08;-0,13;0,13;0,12;0,12;0,26;0,28;;
28.145;0,01;0,08;-0,13;0,13;0,20;0,20;0,26;0,28;;
28.168;0,09;0,13;-0,13;0,13;0,20;0,20;0,29;0,30;;
28.186;0,09;0,13;-0,22;0,23;0,20;0,20;0,29;0,30;;
28.236;0,16;0,20;-0,22;0,23;0,27;0,27;0,29;0,30;;
28.239;0,16;0,20;-0,22;0,23;0,27;0,27;0,34;0,35;;
28.286;0,16;0,20;-0,22;0,23;0,32;0,32;0,34;0,35;;
28.325;0,23;0,26;-0,22;0,23;0,32;0,32;0,32;0,32;;
28.336;0,23;0,26;-0,28;0,30;0,32;0,32;0,32;0,32;;
28.377;0,27;0,29;-0,28;0,30;0,32;0,32;0,27;0,27;;
28.386;0,27;0,29;-0,28;0,30;0,32;0,32;0,27;0,27;;
28.436;0,27;0,29;-0,28;0,30;0,30;0,30;0,27;0,27;;
28.447;0,27;0,29;-0,32;0,33;0,30;0,30;0,22;0,22;;
28.486;0,27;0,29;-0,32;0,33;0,26;0,26;0,22;0,22;;
28.526;0,26;0,27;-0,32;0,33;0,26;0,26;0,14;0,15;;
28.536;0,26;0,27;-0,32;0,33;0,26;0,26;0,14;0,15;;
28.586;0,21;0,22;-0,32;0,33;0,18;0,19;0,14;0,15;;
28.588;0,21;0,22;-0,33;0,34;0,18;0,19;0,02;0,08;;
28.636;0,21;0,22;-0,33;0,34;0,09;0,10;0,02;0,08;;
28.696;0,15;0,16;-0,33;0,34;0,09;0,10;-0,06;0,12;;
28.697;0,15;0,16;-0,33;0,34;0,01;0,03;-0,06;0,12;;
28.736;0,08;0,10;-0,32;0,34;0,01;0,03;-0,15;0,18;;
28.744;0,08;0,10;-0,32;0,34;0,01;0,03;-0,15;0,18;;
28.786;-0,01;0,08;-0,32;0,34;-0,09;0,09;-0,15;0,18;;
28.798;-0,01;0,08;-0,32;0,34;-0,09;0,09;-0,25;0,27;;
28.838;-0,01;0,08;-0,32;0,34;-0,18;0,18;-0,25;0,27;;
28.868;-0,09;0,14;-0,25;0,26;-0,18;0,18;-0,30;0,31;;
28.886;-0,09;0,14;-0,25;0,26;-0,18;0,18;-0,30;0,31;;
28.936;-0,16;0,20;-0,25;0,26;-0,26;0,26;-0,30;0,31;;
28.943;-0,16;0,20;-0,25;0,26;-0,26;0,26;-0,31;0,32;;
28.986;-0,16;0,20;-0,20;0,20;-0,30;0,30;-0,31;0,32;;
29.022;-0,22;0,26;-0,20;0,20;-0,30;0,30;-0,33;0,34;;
29.036;-0,22;0,26;-0,20;0,20;-0,32;0,32;-0,33;0,34;;
29.078;-0,26;0,30;-0,20;0,20;-0,32;0,32;-0,30;0,30;;
29.086;-0,26;0,30;-0,20;0,20;-0,32;0,32;-0,30;0,30;;
29.136;-0,27;0,29;-0,10;0,10;-0,33;0,33;-0,30;0,30;;
29.148;-0,27;0,29;-0,10;0,10;-0,33;0,33;-0,23;0,23;;
29.186;-0,27;0,29;-0,10;0,10;-0,27;0,27;-0,23;0,23;;
29.223;-0,28;0,30;-0,10;0,10;-0,27;0,27;-0,19;0,20;;
29.236;-0,28;0,30;-0,13;0,37;-0,27;0,27;-0,19;0,20;;
29.286;-0,23;0,25;-0,13;0,37;-0,20;0,20;-0,19;0,20;;
29.29;-0,23;0,25;-0,62;3,03;-0,20;0,20;-0,37;0,85;;
29.341;-0,23;0,25;-0,62;3,03;-0,15;0,15;-0,37;0,85;;
29.36;-0,17;0,18;-0,62;3,03;-0,15;0,15;-0,44;0,90;;
29.386;-0,17;0,18;0,12;1,97;-0,03;0,04;-0,44;0,90;;
29.428;-0,12;0,12;0,12;1,97;-0,03;0,04;0,18;0,31;;
29.436;-0,12;0,12;0,09;0,41;-0,03;0,04;0,18;0,31;;
29.486;-0,02;0,03;0,09;0,41;0,06;0,06;0,18;0,31;;
29.498;-0,02;0,03;0,02;0,35;0,06;0,06;0,00;0,09;;
29.543;-0,02;0,03;0,02;0,35;0,12;0,12;0,00;0,09;;
29.568;0,07;0,09;0,02;0,35;0,12;0,12;-0,19;0,24;;
29.586;0,07;0,09;-0,47;0,66;0,12;0,12;-0,19;0,24;;
29.636;-0,09;0,39;-0,47;0,66;-0,62;0,85;-0,19;0,24;;
29.638;-0,09;0,39;0,31;0,59;-0,62;0,85;0,16;0,19;;
29.686;-0,09;0,39;0,31;0,59;0,39;0,88;0,16;0,19;;
29.708;-0,36;0,75;0,31;0,59;0,39;0,88;-0,03;0,25;;
29.736;-0,36;0,75;0,08;0,14;-0,18;0,25;-0,03;0,25;;
29.777;0,97;1,79;0,08;0,14;-0,18;0,25;0,06;0,16;;
29.785;0,97;1,79;-0,15;0,48;-0,18;0,25;0,06;0,16;;
29.841;-0,34;0,71;-0,15;0,48;0,18;0,36;0,06;0,16;;
29.847;-0,34;0,71;0,22;0,35;0,18;0,36;-0,11;0,22;;
29.886;-0,34;0,71;0,22;0,35;-0,28;0,40;-0,11;0,22;;
29.917;-0,12;1,25;0,22;0,35;-0,28;0,40;0,09;0,28;;
29.942;-0,12;1,25;-0,03;0,10;-0,28;0,40;0,09;0,28;;
29.986;-0,07;0,65;-0,03;0,10;0,03;0,28;0,09;0,28;;
29.989;-0,07;0,65;0,03;0,03;0,03;0,28;-0,05;0,08;;
30.037;-0,07;0,65;0,03;0,03;-0,11;0,14;-0,05;0,08;;
30.059;0,18;0,43;0,03;0,03;-0,11;0,14;0,05;0,09;;
30.086;0,18;0,43;-0,11;0,12;0,06;0,20;0,05;0,09;;
30.145;-0,10;0,20;-0,11;0,12;0,06;0,20;-0,04;0,16;;
30.147;-0,10;0,20;-0,01;0,11;0,06;0,20;-0,04;0,16;;
30.186;-0,10;0,20;-0,01;0,11;0,06;0,20;-0,04;0,16;;
30.198;0,06;0,20;0,00;0,02;0,06;0,20;0,05;0,13;;
30.24;0,06;0,20;0,00;0,02;-0,06;0,24;0,05;0,13;;
30.268;-0,05;0,14;0,00;0,02;-0,06;0,24;-0,08;0,18;;
30.286;-0,05;0,14;-0,03;0,04;-0,06;0,24;-0,08;0,18;;
30.337;-0,01;0,03;-0,03;0,04;-0,06;0,24;-0,08;0,18;;
30.352;-0,01;0,03;0,04;0,10;0,00;0,30;0,03;0,09;;
30.386;-0,01;0,03;0,04;0,10;0,00;0,30;0,03;0,09;;
30.408;0,02;0,14;0,04;0,10;0,00;0,30;-0,03;0,08;;
30.436;0,02;0,14;-0,02;0,12;0,00;0,30;-0,03;0,08;;
30.477;-0,03;0,17;-0,02;0,12;0,00;0,30;0,13;0,18;;
30.486;-0,03;0,17;-0,01;0,12;-0,01;0,12;0,13;0,18;;
30.54;-0,03;0,17;-0,01;0,12;-0,01;0,12;0,13;0,18;;
30.549;-0,03;0,27;-0,04;0,10;-0,01;0,12;-0,14;0,16;;
30.586;-0,03;0,27;-0,04;0,10;-0,01;0,12;-0,14;0,16;;
30.618;-0,03;0,08;-0,04;0,10;0,02;0,07;0,10;0,17;;
30.643;-0,03;0,08;0,07;0,16;0,02;0,07;0,10;0,17;;
30.686;0,03;0,12;0,07;0,16;0,02;0,07;0,10;0,17;;
30.69;0,03;0,12;0,02;0,04;0,02;0,07;-0,05;0,14;;
30.745;0,03;0,12;0,02;0,04;0,02;0,07;-0,05;0,14;;
30.761;-0,10;0,16;0,02;0,04;0,01;0,10;0,09;0,10;;
30.786;-0,10;0,16;0,00;0,07;0,01;0,10;0,09;0,10;;
30.837;0,02;0,03;0,00;0,07;0,01;0,10;-0,01;0,08;;
30.845;0,02;0,03;-0,04;0,05;0,01;0,10;-0,01;0,08;;
30.886;0,02;0,03;-0,04;0,05;-0,06;0,14;-0,01;0,08;;
30.898;0,01;0,02;0,01;0,07;-0,06;0,14;-0,16;0,29;;
30.936;0,01;0,02;0,01;0,07;-0,06;0,14;-0,16;0,29;;
30.967;-0,12;0,12;0,01;0,07;-0,06;0,14;0,23;0,28;;
30.986;-0,12;0,12;0,01;0,08;-0,06;0,14;0,23;0,28;;
31.036;-0,02;0,04;0,01;0,08;0,04;0,04;0,23;0,28;;
31.038;-0,02;0,04;-0,08;0,08;0,04;0,04;-0,07;0,11;;
31.086;-0,02;0,04;-0,08;0,08;0,04;0,04;-0,07;0,11;;
31.108;0,04;0,11;-0,08;0,08;0,04;0,04;-0,16;0,35;;
31.136;0,04;0,11;0,06;0,13;-0,02;0,05;-0,16;0,35;;
31.177;-0,02;0,10;0,06;0,13;-0,02;0,05;0,13;0,29;;
31.186;-0,02;0,10;0,05;0,07;-0,02;0,05;0,13;0,29;;
31.236;-0,02;0,10;0,05;0,07;0,08;0,10;0,13;0,29;;
31.252;0,02;0,04;0,00;0,03;0,08;0,10;-0,04;0,17;;
31.286;0,02;0,04;0,00;0,03;0,08;0,10;-0,04;0,17;;
31.317;-0,02;0,11;0,00;0,03;-0,10;0,11;0,04;0,08;;
31.336;-0,02;0,11;-0,04;0,05;-0,10;0,11;0,04;0,08;;
31.386;0,10;0,17;-0,04;0,05;0,09;0,11;0,04;0,08;;
31.392;0,10;0,17;0,03;0,05;0,09;0,11;-0,08;0,09;;
31.436;0,10;0,17;0,03;0,05;0,09;0,11;-0,08;0,09;;
31.463;-0,11;0,18;0,03;0,05;-0,10;0,13;0,07;0,16;;
31.486;-0,11;0,18;-0,02;0,04;-0,10;0,13;0,07;0,16;;
31.528;0,06;0,14;-0,02;0,04;0,07;0,11;0,03;0,19;;
31.536;0,06;0,14;0,02;0,12;0,07;0,11;0,03;0,19;;
31.592;0,06;0,14;0,02;0,12;-0,05;0,06;0,03;0,19;;
31.597;-0,06;0,09;-0,04;0,06;-0,05;0,06;0,04;0,25;;
31.636;-0,06;0,09;-0,04;0,06;-0,05;0,06;0,04;0,25;;
31.668;0,13;0,17;-0,04;0,06;0,09;0,10;-0,15;0,27;;
31.686;0,13;0,17;0,02;0,02;0,09;0,10;-0,15;0,27;;
31.736;-0,05;0,20;0,02;0,02;0,04;0,09;-0,15;0,27;;
31.755;-0,05;0,20;0,02;0,06;0,04;0,09;0,12;0,25;;
31.786;-0,05;0,20;0,02;0,06;0,04;0,09;0,12;0,25;;
31.817;0,00;0,12;0,02;0,06;-0,11;0,20;0,13;0,15;;
31.836;0,00;0,12;0,02;0,07;-0,11;0,20;0,13;0,15;;
31.886;0,04;0,11;0,02;0,07;0,08;0,28;-0,06;0,21;;
31.888;0,04;0,11;0,01;0,08;0,08;0,28;-0,06;0,21;;
31.936;0,04;0,11;0,01;0,08;-0,12;0,15;-0,06;0,21;;
31.962;0,01;0,07;0,01;0,08;-0,12;0,15;-0,02;0,18;;
31.986;0,01;0,07;-0,02;0,05;-0,12;0,15;-0,02;0,18;;
32.028;0,00;0,16;-0,02;0,05;-0,06;0,13;0,01;0,04;;
32.036;0,00;0,16;-0,06;0,09;-0,06;0,13;0,01;0,04;;
32.086;0,10;0,11;-0,06;0,09;0,09;0,40;0,01;0,04;;
32.098;0,10;0,11;0,05;0,06;0,09;0,40;-0,05;0,10;;
32.136;0,10;0,11;0,05;0,06;0,09;0,40;-0,05;0,10;;
32.168;-0,03;0,07;0,05;0,06;-0,14;0,20;0,01;0,16;;
32.186;-0,03;0,07;-0,04;0,04;-0,14;0,20;0,01;0,16;;
32.236;0,04;0,07;-0,04;0,04;0,07;0,09;-0,05;0,12;;
32.238;0,04;0,07;0,01;0,06;0,07;0,09;-0,05;0,12;;
32.286;0,04;0,07;0,01;0,06;-0,09;0,13;-0,05;0,12;;
32.308;0,03;0,04;0,01;0,06;-0,09;0,13;0,13;0,18;;
32.336;0,03;0,04;-0,01;0,04;-0,09;0,13;0,13;0,18;;
32.377;0,01;0,02;-0,01;0,04;0,01;0,09;0,08;0,09;;
32.385;0,01;0,02;0,01;0,02;0,01;0,09;0,08;0,09;;
32.436;0,02;0,11;0,01;0,02;-0,03;0,03;0,08;0,09;;
32.452;0,02;0,11;0,00;0,03;-0,03;0,03;-0,06;0,14;;
32.486;0,02;0,11;0,00;0,03;-0,03;0,03;-0,06;0,14;;
32.517;0,04;0,15;0,00;0,03;0,02;0,04;-0,12;0,24;;
32.536;0,04;0,15;0,00;0,07;0,02;0,04;-0,12;0,24;;
32.586;0,07;0,09;0,00;0,07;-0,04;0,15;0,17;0,17;;
32.593;0,07;0,09;0,00;0,08;-0,04;0,15;0,17;0,17;;
32.636;0,07;0,09;0,00;0,08;0,12;0,27;0,17;0,17;;
32.658;0,00;0,10;0,00;0,08;0,12;0,27;-0,02;0,09;;
32.686;0,00;0,10;0,00;0,00;0,12;0,27;-0,02;0,09;;
32.728;-0,03;0,14;0,00;0,00;-0,04;0,06;-0,05;0,13;;
32.736;-0,03;0,14;-0,03;0,03;-0,04;0,06;-0,05;0,13;;
32.786;-0,01;0,16;-0,03;0,03;-0,03;0,20;-0,05;0,13;;
32.798;-0,01;0,16;0,02;0,03;-0,03;0,20;-0,02;0,12;;
32.836;-0,01;0,16;0,02;0,03;-0,03;0,20;-0,02;0,12;;
32.876;0,25;0,31;0,02;0,03;-0,02;0,16;0,13;0,21;;
32.886;0,25;0,31;0,04;0,04;-0,02;0,16;0,13;0,21;;
32.936;-0,04;0,07;0,04;0,04;0,01;0,02;-0,06;0,25;;
32.945;-0,04;0,07;-0,05;0,07;0,01;0,02;-0,06;0,25;;
32.986;-0,04;0,07;-0,05;0,07;-0,04;0,05;-0,06;0,25;;
33.008;-0,06;0,25;-0,05;0,07;-0,04;0,05;0,01;0,02;;
33.036;-0,06;0,25;-0,01;0,03;-0,04;0,05;0,01;0,02;;
33.078;0,15;0,56;-0,01;0,03;-0,03;0,04;-0,05;0,19;;
33.086;0,15;0,56;0,03;0,03;-0,03;0,04;-0,05;0,19;;
33.136;-0,13;0,21;0,03;0,03;-0,01;0,04;-0,05;0,19;;
33.148;-0,13;0,21;0,03;0,03;-0,01;0,04;-0,04;0,08;;
33.186;-0,13;0,21;-0,10;0,10;-0,01;0,04;-0,04;0,08;;
33.218;0,25;0,27;-0,10;0,10;0,04;0,04;0,02;0,04;;
33.236;0,25;0,27;0,00;0,02;0,04;0,04;0,02;0,04;;
33.286;-0,10;0,14;0,00;0,02;-0,04;0,06;0,08;0,12;;
33.289;-0,10;0,14;-0,06;0,08;-0,04;0,06;0,08;0,12;;
33.336;-0,10;0,14;-0,06;0,08;0,02;0,03;0,08;0,12;;
33.372;0,20;0,27;-0,06;0,08;0,02;0,03;-0,05;0,12;;
33.386;0,20;0,27;0,05;0,06;0,02;0,03;-0,05;0,12;;
33.428;-0,20;0,41;0,05;0,06;0,03;0,16;-0,04;0,11;;
33.436;-0,20;0,41;-0,05;0,08;0,03;0,16;-0,04;0,11;;
33.486;0,09;0,11;-0,05;0,08;0,02;0,03;-0,04;0,11;;
33.498;0,09;0,11;-0,05;0,08;0,02;0,03;0,03;0,07;;
33.536;0,09;0,11;-0,01;0,03;0,02;0,03;0,03;0,07;;
33.578;0,07;0,29;-0,01;0,03;-0,10;0,12;-0,04;0,09;;
33.586;0,07;0,29;0,01;0,02;-0,10;0,12;-0,04;0,09;;
33.636;0,09;0,10;0,01;0,02;0,04;0,06;-0,01;0,16;;
33.647;0,09;0,10;0,04;0,04;0,04;0,06;-0,01;0,16;;
33.686;0,09;0,10;0,04;0,04;-0,09;0,13;-0,01;0,16;;
33.717;-0,09;0,13;0,04;0,04;-0,09;0,13;0,07;0,18;;
33.736;-0,09;0,13;-0,03;0,09;-0,09;0,13;0,07;0,18;;
33.786;0,20;0,21;-0,03;0,09;0,02;0,05;0,02;0,09;;
33.789;0,20;0,21;-0,01;0,01;0,02;0,05;0,02;0,09;;
33.836;-0,14;0,17;-0,01;0,01;-0,07;0,18;0,02;0,09;;
33.867;-0,14;0,17;-0,01;0,01;-0,07;0,18;-0,05;0,10;;
33.886;-0,14;0,17;0,06;0,07;-0,07;0,18;-0,05;0,10;;
33.928;0,05;0,13;0,06;0,07;0,00;0,24;-0,07;0,11;;
33.936;0,05;0,13;-0,01;0,01;0,00;0,24;-0,07;0,11;;
33.986;0,10;0,14;-0,01;0,01;0,09;0,09;0,10;0,11;;
33.998;0,10;0,14;0,02;0,02;0,09;0,09;0,10;0,11;;
34.036;0,10;0,14;0,02;0,02;-0,18;0,18;0,10;0,11;;
34.077;-0,06;0,15;0,02;0,02;-0,18;0,18;-0,03;0,08;;
34.086;-0,06;0,15;0,00;0,07;-0,18;0,18;-0,03;0,08;;
34.136;0,00;0,14;0,00;0,07;0,08;0,08;-0,14;0,17;;
34.139;0,00;0,14;0,00;0,04;0,08;0,08;-0,14;0,17;;
34.186;0,08;0,21;0,00;0,04;0,02;0,06;-0,14;0,17;;
34.208;0,08;0,21;0,00;0,04;0,02;0,06;0,11;0,12;;
34.236;0,08;0,21;-0,05;0,05;0,02;0,06;0,11;0,12;;
34.278;-0,03;0,19;-0,05;0,05;0,04;0,06;0,07;0,09;;
34.286;-0,03;0,19;-0,03;0,04;0,04;0,06;0,07;0,09;;
34.336;-0,02;0,27;-0,03;0,04;-0,04;0,07;-0,09;0,12;;
34.348;-0,02;0,27;0,02;0,02;-0,04;0,07;-0,09;0,12;;
34.386;-0,02;0,27;0,02;0,02;-0,04;0,21;-0,09;0,12;;
34.418;0,06;0,23;0,02;0,02;-0,04;0,21;0,08;0,10;;
34.436;0,06;0,23;-0,01;0,09;-0,04;0,21;0,08;0,10;;
34.487;-0,01;0,21;-0,01;0,09;0,15;0,15;-0,03;0,09;;
34.549;-0,01;0,21;-0,01;0,06;0,15;0,15;-0,03;0,09;;
34.549;-0,05;0,25;-0,01;0,06;-0,12;0,17;-0,03;0,09;;
34.561;-0,05;0,25;-0,01;0,06;-0,12;0,17;0,01;0,04;;
34.589;-0,05;0,25;-0,03;0,05;-0,12;0,17;0,01;0,04;;
34.627;0,04;0,27;-0,03;0,05;-0,01;0,14;-0,09;0,11;;
34.635;0,04;0,27;-0,02;0,15;-0,01;0,14;-0,09;0,11;;
34.686;-0,01;0,19;-0,02;0,15;0,05;0,06;-0,09;0,11;;
34.698;-0,01;0,19;0,04;0,05;0,05;0,06;0,14;0,16;;
34.736;-0,01;0,19;0,04;0,05;-0,04;0,05;0,14;0,16;;
34.777;-0,05;0,16;0,04;0,05;-0,04;0,05;0,04;0,05;;
34.786;-0,05;0,16;-0,05;0,10;-0,04;0,05;0,04;0,05;;
34.836;0,02;0,18;-0,05;0,10;-0,09;0,09;-0,05;0,12;;
34.839;0,02;0,18;-0,04;0,04;-0,09;0,09;-0,05;0,12;;
34.886;0,01;0,07;-0,04;0,04;0,18;0,18;-0,05;0,12;;
34.908;0,01;0,07;-0,04;0,04;0,18;0,18;-0,03;0,12;;
34.936;0,01;0,07;0,01;0,03;0,18;0,18;-0,03;0,12;;
34.978;-0,05;0,11;0,01;0,03;-0,11;0,16;-0,02;0,05;;
