time;exp1_acel;exp1_gir;exp2_acel;exp2_gir;exp3_acel;exp3_gir;exp4_acel;exp4_gir;exp5_acel;exp5_gir;exp6_acel;exp6_gir;;
0.008;0,90;0,01;0,98;0,06;0,96;0,01;0,94;0,00;0,96;0,03;0,96;0,00;;
0.009;0,90;0,01;0,97;0,06;0,96;0,00;0,94;0,07;0,96;0,03;0,96;0,00;;
0.01;0,90;0,01;0,97;0,08;0,95;0,00;0,94;0,07;0,96;0,03;0,97;0,00;;
0.059;0,90;0,01;0,97;0,08;0,96;0,00;0,94;0,06;0,96;0,03;0,96;0,00;;
0.075;0,90;0,00;0,97;0,05;0,96;0,00;0,93;0,06;0,96;0,03;0,96;0,00;;
0.103;0,90;0,00;0,99;0,05;0,95;0,00;0,93;0,01;0,96;0,10;0,96;0,00;;
0.149;0,91;0,00;0,99;0,01;0,95;0,00;0,95;0,01;0,96;0,10;0,96;0,01;;
0.151;0,91;0,01;0,98;0,01;0,96;0,00;0,93;0,01;0,97;0,10;0,95;0,01;;
0.199;0,90;0,01;0,99;0,01;0,95;0,00;0,93;0,04;0,95;0,10;0,97;0,01;;
0.211;0,90;0,01;0,99;0,06;0,95;0,00;0,94;0,04;0,95;0,12;0,97;0,01;;
0.259;0,90;0,01;0,97;0,06;0,96;0,00;0,94;0,04;0,95;0,12;0,95;0,01;;
0.283;0,90;0,01;0,97;0,09;0,96;0,01;0,95;0,04;0,95;0,12;0,95;0,00;;
0.299;0,89;0,01;0,98;0,09;0,96;0,01;0,95;0,04;0,95;0,12;0,97;0,00;;
0.36;0,90;0,01;0,98;0,09;0,96;0,01;0,95;0,01;0,95;0,12;0,97;0,01;;
0.361;0,90;0,01;0,98;0,08;0,95;0,01;0,95;0,01;0,95;0,01;0,95;0,01;;
0.399;0,90;0,01;0,97;0,08;0,95;0,01;0,95;0,02;0,95;0,01;0,96;0,01;;
0.421;0,90;0,02;0,97;0,05;0,95;0,00;0,95;0,02;0,95;0,01;0,96;0,01;;
0.461;0,91;0,02;0,97;0,05;0,95;0,00;0,95;0,07;0,97;0,01;0,97;0,01;;
0.491;0,91;0,02;0,97;0,05;0,95;0,00;0,95;0,07;0,97;0,06;0,97;0,01;;
0.499;0,91;0,04;0,97;0,01;0,96;0,00;0,95;0,07;0,96;0,06;0,95;0,01;;
0.573;0,91;0,04;0,98;0,01;0,96;0,00;0,95;0,09;0,96;0,06;0,97;0,01;;
0.575;0,91;0,06;0,98;0,06;0,96;0,00;0,94;0,09;0,96;0,06;0,97;0,01;;
0.599;0,91;0,06;0,98;0,06;0,96;0,02;0,94;0,09;0,96;0,06;0,96;0,01;;
0.641;0,91;0,09;0,98;0,05;0,95;0,02;0,95;0,09;0,96;0,03;0,96;0,00;;
0.656;0,91;0,09;0,98;0,05;0,95;0,05;0,95;0,09;0,96;0,03;0,96;0,00;;
0.699;0,92;0,09;0,98;0,05;0,95;0,05;0,95;0,10;0,96;0,03;0,96;0,01;;
0.711;0,92;0,15;0,98;0,06;0,96;0,05;0,96;0,10;0,96;0,03;0,95;0,01;;
0.759;0,92;0,15;0,97;0,06;0,96;0,10;0,96;0,16;0,96;0,04;0,97;0,01;;
0.781;0,92;0,24;0,97;0,17;0,96;0,10;0,95;0,16;0,96;0,04;0,97;0,00;;
0.799;0,92;0,24;0,97;0,17;0,96;0,15;0,95;0,24;0,96;0,09;0,97;0,00;;
0.857;0,92;0,24;0,97;0,17;0,96;0,15;0,96;0,24;0,96;0,09;0,97;0,01;;
0.858;0,92;0,35;0,97;0,34;0,96;0,15;0,96;0,24;0,97;0,09;0,95;0,01;;
0.899;0,93;0,35;0,98;0,34;0,96;0,23;0,96;0,36;0,97;0,12;0,96;0,01;;
0.921;0,93;0,49;0,98;0,56;0,96;0,23;0,96;0,36;0,96;0,12;0,96;0,01;;
0.961;0,92;0,49;0,97;0,56;0,96;0,34;0,96;0,58;0,96;0,10;0,96;0,01;;
0.991;0,92;0,61;0,97;0,75;0,96;0,34;0,96;0,58;0,96;0,10;0,96;0,01;;
1.0;0,92;0,61;0,96;0,75;0,96;0,40;0,96;0,58;0,96;0,06;0,97;0,01;;
1.057;0,92;0,61;0,98;0,75;0,96;0,40;0,96;0,76;0,95;0,06;0,97;0,01;;
1.072;0,92;0,71;0,98;0,88;0,96;0,40;0,96;0,76;0,96;0,06;0,96;0,01;;
1.099;0,91;0,71;0,98;0,88;0,96;0,40;0,96;0,91;0,96;0,02;0,96;0,01;;
1.131;0,91;0,73;0,98;0,88;0,97;0,40;0,95;0,91;0,96;0,02;0,96;0,01;;
1.149;0,91;0,73;1,00;0,88;0,97;0,39;0,95;0,98;0,96;0,01;0,96;0,01;;
1.2;0,91;0,73;1,02;0,88;0,97;0,39;0,95;0,98;0,96;0,01;0,96;0,08;;
1.202;0,91;0,57;1,02;0,75;0,98;0,39;0,98;0,98;0,95;0,01;0,96;0,08;;
1.261;0,92;0,57;1,04;0,75;0,98;0,34;0,98;0,90;0,95;0,02;0,97;0,08;;
1.271;0,92;0,15;1,04;0,47;1,00;0,34;0,99;0,90;0,98;0,02;0,97;0,22;;
1.299;0,92;0,15;1,16;0,47;1,00;0,19;0,99;0,61;0,98;0,14;1,00;0,22;;
1.341;0,92;0,70;1,16;0,32;1,02;0,19;1,06;0,61;1,00;0,14;1,00;0,22;;
1.35;0,90;0,70;1,22;0,32;1,02;0,55;1,19;0,61;1,00;0,63;1,03;0,22;;
1.399;0,86;0,70;1,32;0,32;1,20;0,55;1,19;0,07;1,05;0,63;1,03;1,42;;
1.411;0,86;1,89;1,32;1,75;1,18;0,55;1,25;0,07;1,03;0,63;0,96;1,42;;
1.462;0,68;1,89;1,25;1,75;1,18;2,42;1,25;1,58;1,03;2,25;0,88;1,42;;
1.483;0,68;3,71;1,25;3,71;0,95;2,42;1,16;1,58;0,78;2,25;0,88;2,68;;
1.499;0,11;3,71;1,14;3,71;0,95;4,82;1,16;3,63;0,78;4,14;0,61;2,68;;
1.549;0,42;3,71;0,56;3,71;0,70;4,82;0,99;3,63;0,48;4,14;0,61;3,97;;
1.552;0,42;5,56;0,56;6,12;0,56;4,82;0,48;3,63;0,17;4,14;0,24;3,97;;
1.599;1,05;5,56;0,53;6,12;0,56;7,07;0,48;5,70;0,17;5,69;0,20;3,97;;
1.622;1,05;5,84;0,53;7,28;1,37;7,07;0,36;5,70;0,56;5,69;0,20;5,24;;
1.649;1,11;5,84;0,97;7,28;1,37;7,55;0,36;7,61;0,56;6,50;0,83;5,24;;
1.691;1,11;5,92;0,97;7,31;1,48;7,55;1,19;7,61;1,22;6,50;0,83;6,13;;
1.699;1,42;5,92;1,19;7,31;1,48;7,62;1,68;7,61;1,22;6,57;1,12;6,13;;
1.749;1,56;5,92;1,64;7,31;1,96;7,62;1,68;8,39;1,56;6,57;1,12;6,23;;
1.761;1,56;6,02;1,64;7,39;2,17;7,62;2,13;8,39;1,70;6,57;1,44;6,23;;
1.799;1,75;6,02;2,00;7,39;2,17;7,69;2,13;8,47;1,70;6,66;1,60;6,23;;
1.839;1,75;6,08;2,00;7,47;2,42;7,69;2,55;8,47;1,93;6,66;1,60;6,32;;
1.853;1,82;6,08;2,20;7,47;2,42;7,76;2,55;8,53;1,93;6,72;1,82;6,32;;
1.906;1,91;6,08;2,37;7,47;2,44;7,76;2,70;8,53;2,04;6,72;1,82;6,39;;
1.911;1,91;6,11;2,37;7,53;2,46;7,76;2,80;8,53;2,12;6,72;1,97;6,39;;
1.949;1,89;6,11;2,39;7,53;2,46;7,75;2,80;8,55;2,12;6,76;2,00;6,39;;
1.991;1,89;6,07;2,39;7,53;2,39;7,75;2,74;8,55;2,11;6,76;2,00;6,43;;
2.0;1,85;6,07;2,34;7,53;2,39;7,66;2,74;8,51;2,11;6,72;1,99;6,43;;
2.049;1,72;6,07;2,34;7,47;2,13;7,66;2,54;8,51;2,02;6,72;1,99;6,41;;
2.052;1,72;5,99;2,25;7,47;2,13;7,53;2,34;8,51;2,02;6,64;1,95;6,41;;
2.1;1,62;5,99;1,99;7,47;1,76;7,53;2,34;8,38;1,93;6,64;1,95;6,32;;
2.121;1,62;5,87;1,99;7,33;1,55;7,53;1,88;8,38;1,69;6,64;1,80;6,32;;
2.149;1,41;5,87;1,81;7,33;1,55;7,37;1,88;8,23;1,69;6,51;1,69;6,32;;
2.194;1,41;5,71;1,81;7,17;1,10;7,37;1,63;8,23;1,39;6,51;1,69;6,19;;
2.208;1,27;5,71;1,41;7,17;1,10;7,21;1,63;8,07;1,39;6,35;1,43;6,19;;
2.249;1,03;5,71;0,97;7,17;0,86;7,21;1,08;8,07;1,23;6,35;1,43;6,05;;
2.261;1,03;5,55;0,97;7,00;0,42;7,21;0,64;8,07;0,88;6,35;1,30;6,05;;
2.303;0,90;5,55;0,74;7,00;0,42;7,09;0,64;7,95;0,88;6,19;1,00;6,05;;
2.331;0,90;5,40;0,74;6,88;0,27;7,09;0,57;7,95;0,70;6,19;1,00;5,89;;
2.349;0,65;5,40;0,32;6,88;0,27;7,02;0,57;7,89;0,70;6,05;0,71;5,89;;
2.4;0,44;5,40;0,18;6,88;0,46;7,02;0,84;7,89;0,37;6,05;0,71;5,74;;
2.403;0,44;5,27;0,18;6,80;0,46;7,02;1,07;7,89;0,37;5,95;0,55;5,74;;
2.449;0,36;5,27;0,42;6,80;0,89;7,02;1,07;7,91;0,22;5,95;0,55;5,63;;
2.471;0,36;5,17;0,42;6,78;1,10;7,02;1,58;7,91;0,17;5,95;0,30;5,63;;
2.499;0,31;5,17;0,63;6,78;1,10;7,07;1,58;7,98;0,17;5,92;0,22;5,63;;
2.541;0,31;5,14;0,63;6,81;1,53;7,07;1,81;7,98;0,47;5,92;0,22;5,55;;
2.549;0,35;5,14;1,06;6,81;1,53;7,16;1,81;8,06;0,47;5,92;0,29;5,55;;
2.599;0,52;5,14;1,45;6,81;1,71;7,16;2,24;8,06;0,63;5,92;0,29;5,52;;
2.611;0,52;5,14;1,45;6,88;2,03;7,16;2,52;8,06;0,95;5,92;0,40;5,52;;
2.649;0,61;5,14;1,62;6,88;2,03;7,24;2,52;8,14;0,95;5,97;0,66;5,52;;
2.689;0,61;5,18;1,62;6,98;2,15;7,24;2,61;8,14;1,11;5,97;0,66;5,54;;
2.703;0,83;5,18;1,92;6,98;2,15;7,30;2,61;8,16;1,11;6,03;0,80;5,54;;
2.749;1,06;5,18;2,05;6,98;2,29;7,30;2,61;8,16;1,40;6,03;0,80;5,61;;
2.754;1,06;5,27;2,05;7,06;2,29;7,31;2,53;8,16;1,40;6,13;1,07;5,61;;
2.808;1,18;5,27;2,21;7,06;2,31;7,31;2,53;8,11;1,53;6,13;1,07;5,69;;
2.821;1,18;5,36;2,21;7,09;2,24;7,31;2,27;8,11;1,75;6,13;1,32;5,69;;
2.849;1,39;5,36;2,23;7,09;2,24;7,26;2,27;8,00;1,75;6,21;1,44;5,69;;
2.908;1,39;5,45;2,23;7,06;2,02;7,26;2,08;8,00;1,84;6,21;1,44;5,78;;
2.909;1,48;5,45;2,18;7,06;2,02;7,15;2,08;7,84;1,84;6,26;1,64;5,78;;
2.949;1,64;5,45;2,09;7,06;1,88;7,15;1,62;7,84;1,95;6,26;1,64;5,86;;
2.961;1,64;5,52;2,09;6,97;1,51;7,15;1,38;7,84;1,95;6,26;1,72;5,86;;
3.0;1,69;5,52;1,87;6,97;1,51;7,00;1,38;7,67;1,95;6,25;1,82;5,86;;
3.033;1,69;5,54;1,87;6,84;1,32;7,00;0,86;7,67;1,91;6,25;1,82;5,89;;
3.049;1,75;5,54;1,55;6,84;1,32;6,82;0,86;7,54;1,91;6,19;1,85;5,89;;
3.1;1,76;5,54;1,37;6,84;0,90;6,82;0,46;7,54;1,78;6,19;1,85;5,89;;
3.103;1,76;5,54;1,37;6,69;0,68;6,82;0,41;7,54;1,78;6,09;1,82;5,89;;
3.149;1,71;5,54;0,99;6,69;0,68;6,67;0,41;7,46;1,69;6,09;1,82;5,84;;
3.171;1,71;5,47;0,99;6,54;0,29;6,67;0,72;7,46;1,46;6,09;1,74;5,84;;
3.199;1,60;5,47;0,78;6,54;0,29;6,56;0,72;7,46;1,46;5,96;1,66;5,84;;
3.241;1,60;5,38;0,78;6,39;0,11;6,56;0,95;7,46;1,32;5,96;1,66;5,74;;
3.249;1,54;5,38;0,40;6,39;0,11;6,53;0,95;7,50;1,32;5,80;1,47;5,74;;
3.299;1,36;5,38;0,22;6,39;0,36;6,53;1,42;7,50;1,05;5,80;1,47;5,61;;
3.311;1,36;5,24;0,22;6,30;0,76;6,53;1,64;7,50;0,77;5,80;1,37;5,61;;
3.349;1,27;5,24;0,16;6,30;0,76;6,55;1,64;7,58;0,77;5,64;1,14;5,61;;
3.382;1,27;5,09;0,16;6,27;0,95;6,55;2,04;7,58;0,63;5,64;1,14;5,44;;
3.408;1,06;5,09;0,35;6,27;0,95;6,62;2,04;7,68;0,63;5,50;1,01;5,44;;
3.449;0,97;5,09;0,72;6,27;1,33;6,62;2,19;7,68;0,40;5,50;1,01;5,29;;
3.452;0,97;4,93;0,72;6,29;1,50;6,62;2,42;7,68;0,40;5,39;0,79;5,29;;
3.507;0,79;4,93;1,08;6,29;1,50;6,70;2,42;7,74;0,32;5,39;0,79;5,12;;
3.521;0,79;4,77;1,08;6,36;1,80;6,70;2,46;7,74;0,27;5,39;0,68;5,12;;
3.549;0,71;4,77;1,26;6,36;1,80;6,79;2,46;7,73;0,27;5,34;0,51;5,12;;
3.591;0,71;4,63;1,26;6,44;1,93;6,79;2,41;7,73;0,33;5,34;0,51;5,02;;
3.612;0,58;4,63;1,57;6,44;2,10;6,79;2,41;7,65;0,33;5,34;0,39;5,02;;
3.649;0,49;4,63;1,70;6,44;2,10;6,85;2,22;7,65;0,54;5,34;0,39;4,94;;
3.661;0,49;4,54;1,70;6,52;2,15;6,85;2,07;7,65;0,66;5,34;0,36;4,94;;
3.711;0,48;4,54;1,92;6,52;2,15;6,85;2,07;7,52;0,66;5,38;0,42;4,94;;
3.732;0,48;4,49;1,92;6,60;2,13;6,85;1,69;7,52;0,91;5,38;0,42;4,92;;
3.749;0,47;4,49;2,00;6,60;2,13;6,79;1,69;7,36;0,91;5,45;0,47;4,92;;
3.807;0,49;4,49;2,07;6,60;2,00;6,79;1,48;7,36;1,15;5,45;0,47;4,93;;
3.809;0,49;4,48;2,07;6,61;1,89;6,79;1,02;7,36;1,28;5,45;0,65;4,93;;
3.849;0,59;4,48;2,03;6,61;1,89;6,67;1,02;7,21;1,28;5,53;0,65;4,97;;
3.871;0,59;4,51;2,03;6,56;1,62;6,67;0,55;7,21;1,50;5,53;0,75;4,97;;
3.909;0,65;4,51;1,96;6,56;1,62;6,54;0,55;7,08;1,50;5,62;0,96;4,97;;
3.941;0,65;4,56;1,77;6,56;1,46;6,54;0,35;7,08;1,57;5,62;0,96;5,05;;
3.949;0,80;4,56;1,77;6,46;1,11;6,54;0,35;7,01;1,57;5,70;1,05;5,05;;
4.013;0,96;4,56;1,64;6,46;1,11;6,38;0,32;7,01;1,72;5,70;1,05;5,12;;
4.015;0,96;4,64;1,64;6,34;0,93;6,38;0,50;7,01;1,77;5,70;1,25;5,12;;
4.049;1,04;4,64;1,35;6,34;0,93;6,24;0,50;6,99;1,77;5,72;1,43;5,12;;
4.081;1,04;4,72;1,35;6,16;0,57;6,24;0,94;6,99;1,81;5,72;1,43;5,22;;
4.101;1,21;4,72;1,19;6,16;0,57;6,11;0,94;7,03;1,81;5,72;1,51;5,22;;
4.149;1,29;4,72;0,87;6,16;0,23;6,11;1,16;7,03;1,79;5,72;1,51;5,30;;
4.152;1,29;4,81;0,87;6,01;0,09;6,11;1,57;7,03;1,72;5,72;1,63;5,30;;
4.209;1,42;4,81;0,70;6,01;0,09;6,03;1,57;7,12;1,72;5,64;1,63;5,34;;
4.222;1,42;4,89;0,70;5,86;0,30;6,03;1,75;7,12;1,57;5,64;1,67;5,34;;
4.249;1,48;4,89;0,40;5,86;0,30;6,01;1,75;7,20;1,57;5,54;1,70;5,34;;
4.292;1,48;4,95;0,16;5,86;0,48;6,01;2,05;7,20;1,48;5,54;1,70;5,33;;
4.314;1,56;4,95;0,16;5,77;0,81;6,01;2,05;7,26;1,48;5,40;1,68;5,33;;
4.349;1,60;4,95;0,18;5,77;0,81;6,04;2,24;7,26;1,28;5,40;1,68;5,28;;
4.361;1,60;4,96;0,18;5,73;0,97;6,04;2,29;7,26;1,18;5,40;1,62;5,28;;
4.408;1,60;4,96;0,44;5,73;0,97;6,12;2,29;7,29;1,18;5,24;1,51;5,28;;
4.435;1,60;4,92;0,44;5,74;1,29;6,12;2,27;7,29;0,96;5,24;1,51;5,19;;
4.451;1,56;4,92;0,59;5,74;1,29;6,20;2,27;7,24;0,96;5,09;1,44;5,19;;
4.508;1,51;4,92;0,88;5,74;1,57;6,20;2,21;7,24;0,87;5,09;1,44;5,07;;
4.509;1,51;4,85;0,88;5,79;1,70;6,20;1,99;7,24;0,67;5,09;1,28;5,07;;
4.549;1,42;4,85;1,02;5,79;1,70;6,29;1,99;7,14;0,67;4,94;1,28;4,92;;
4.571;1,42;4,73;1,02;5,89;1,89;6,29;1,82;7,14;0,52;4,94;1,20;4,92;;
4.599;1,34;4,73;1,31;5,89;1,89;6,34;1,82;7,00;0,52;4,84;1,03;4,92;;
4.643;1,34;4,60;1,56;5,89;1,94;6,34;1,45;7,00;0,46;4,84;1,03;4,77;;
4.649;1,21;4,60;1,56;5,97;1,94;6,36;1,06;7,00;0,46;4,75;0,93;4,77;;
4.699;1,14;4,60;1,67;5,97;2,00;6,36;1,06;6,83;0,42;4,75;0,93;4,61;;
4.711;1,14;4,44;1,67;6,05;1,98;6,36;0,85;6,83;0,42;4,75;0,78;4,61;;
4.749;1,02;4,44;1,83;6,05;1,98;6,32;0,85;6,67;0,42;4,71;0,72;4,61;;
4.783;1,02;4,29;1,83;6,10;1,88;6,32;0,45;6,67;0,49;4,71;0,72;4,47;;
4.8;0,89;4,29;1,88;6,10;1,88;6,24;0,45;6,56;0,49;4,71;0,61;4,47;;
4.849;0,84;4,29;1,91;6,10;1,79;6,24;0,24;6,56;0,56;4,71;0,61;4,35;;
4.852;0,84;4,13;1,91;6,10;1,57;6,24;0,20;6,56;0,72;4,71;0,54;4,35;;
4.899;0,75;4,13;1,90;6,10;1,57;6,09;0,20;6,50;0,72;4,75;0,54;4,27;;
4.921;0,75;4,00;1,90;6,05;1,29;6,09;0,39;6,50;0,80;4,75;0,52;4,27;;
4.95;0,71;4,00;1,79;6,05;1,29;5,96;0,39;6,49;0,80;4,82;0,52;4,27;;
4.991;0,71;3,87;1,72;6,05;1,16;5,96;0,78;6,49;0,99;4,82;0,52;4,23;;
4.999;0,66;3,87;1,72;5,94;0,86;5,96;0,97;6,49;0,99;4,90;0,53;4,23;;
5.051;0,63;3,87;1,51;5,94;0,86;5,78;0,97;6,55;1,17;4,90;0,53;4,24;;
5.061;0,63;3,78;1,51;5,82;0,72;5,78;1,34;6,55;1,27;4,90;0,59;4,24;;
5.099;0,62;3,78;1,27;5,82;0,72;5,64;1,34;6,64;1,27;5,00;0,63;4,24;;
5.148;0,62;3,74;1,27;5,65;0,46;5,64;1,67;6,64;1,42;5,00;0,63;4,27;;
5.155;0,61;3,74;1,14;5,65;0,46;5,54;1,67;6,72;1,42;5,07;0,74;4,27;;
5.199;0,61;3,74;0,87;5,65;0,34;5,54;1,82;6,72;1,49;5,07;0,74;4,35;;
5.202;0,61;3,73;0,87;5,49;0,23;5,54;2,02;6,72;1,60;5,07;0,82;4,35;;
5.25;0,63;3,73;0,76;5,49;0,23;5,47;2,02;6,79;1,60;5,13;0,96;4,35;;
5.271;0,63;3,75;0,76;5,34;0,27;5,47;2,10;6,79;1,63;5,13;0,96;4,42;;
5.299;0,66;3,75;0,53;5,34;0,27;5,47;2,10;6,81;1,63;5,14;1,11;4,42;;
5.351;0,66;3,80;0,44;5,34;0,49;5,47;2,14;6,81;1,65;5,14;1,11;4,51;;
5.353;0,74;3,80;0,44;5,24;0,75;5,47;2,12;6,81;1,65;5,12;1,18;4,51;;
5.399;0,77;3,80;0,31;5,24;0,75;5,49;2,12;6,79;1,61;5,12;1,18;4,60;;
5.411;0,77;3,86;0,31;5,17;0,89;5,49;1,98;6,79;1,57;5,12;1,32;4,60;;
5.451;0,88;3,86;0,31;5,17;0,89;5,55;1,98;6,71;1,57;5,05;1,38;4,60;;
5.481;0,88;3,95;0,31;5,14;1,14;5,55;1,87;6,71;1,47;5,05;1,38;4,67;;
5.499;0,94;3,95;0,43;5,14;1,14;5,64;1,87;6,57;1,47;4,94;1,48;4,67;;
5.556;1,06;3,95;0,63;5,14;1,27;5,64;1,61;6,57;1,41;4,94;1,48;4,71;;
5.558;1,06;4,05;0,63;5,17;1,50;5,64;1,26;6,57;1,25;4,94;1,51;4,71;;
5.599;1,11;4,05;0,73;5,17;1,50;5,74;1,26;6,43;1,25;4,81;1,56;4,71;;
5.621;1,11;4,13;0,73;5,22;1,60;5,74;1,10;6,43;1,18;4,81;1,56;4,72;;
5.651;1,22;4,13;0,96;5,22;1,60;5,80;1,10;6,27;1,18;4,66;1,53;4,72;;
5.691;1,22;4,21;1,08;5,22;1,74;5,80;0,74;6,27;1,02;4,66;1,53;4,69;;
5.7;1,32;4,21;1,08;5,30;1,83;5,80;0,57;6,27;1,02;4,50;1,51;4,69;;
5.752;1,36;4,21;1,30;5,30;1,83;5,84;0,57;6,11;0,95;4,50;1,51;4,62;;
5.761;1,36;4,26;1,30;5,40;1,83;5,84;0,24;6,11;0,81;4,50;1,44;4,62;;
5.818;1,43;4,26;1,40;5,40;1,83;5,84;0,24;6,02;0,81;4,34;1,40;4,62;;
5.84;1,43;4,29;1,40;5,49;1,79;5,84;0,10;6,02;0,72;4,34;1,40;4,50;;
5.85;1,45;4,29;1,58;5,49;1,79;5,77;0,30;6,02;0,72;4,20;1,29;4,50;;
5.899;1,46;4,29;1,69;5,49;1,75;5,77;0,30;5,98;0,66;4,20;1,29;4,37;;
5.902;1,46;4,29;1,69;5,54;1,60;5,77;0,64;5,98;0,61;4,20;1,22;4,37;;
5.949;1,44;4,29;1,74;5,54;1,60;5,67;0,64;5,99;0,61;4,10;1,10;4,37;;
5.971;1,44;4,23;1,74;5,57;1,51;5,67;0,80;5,99;0,58;4,10;1,10;4,22;;
5.999;1,40;4,23;1,76;5,57;1,51;5,53;0,80;6,04;0,58;4,02;1,06;4,22;;
6.046;1,40;4,15;1,74;5,57;1,30;5,53;1,11;6,04;0,57;4,02;1,06;4,07;;
6.049;1,33;4,15;1,74;5,53;1,18;5,53;1,28;6,04;0,57;3,99;0,94;4,07;;
6.099;1,30;4,15;1,66;5,53;1,18;5,39;1,28;6,13;0,56;3,99;0,94;3,91;;
6.111;1,30;4,03;1,66;5,45;0,96;5,39;1,55;6,13;0,59;3,99;0,86;3,91;;
6.153;1,21;4,03;1,59;5,45;0,96;5,22;1,55;6,21;0,59;4,00;0,82;3,91;;
6.181;1,21;3,89;1,59;5,34;0,73;5,22;1,66;6,21;0,61;4,00;0,82;3,77;;
6.2;1,17;3,89;1,45;5,34;0,73;5,07;1,86;6,21;0,61;4,03;0,76;3,77;;
6.255;1,07;3,89;1,34;5,34;0,64;5,07;1,86;6,29;0,69;4,03;0,76;3,65;;
6.256;1,07;3,74;1,34;5,19;0,47;5,07;1,94;6,29;0,79;4,03;0,73;3,65;;
6.299;1,04;3,74;1,15;5,19;0,47;4,94;1,94;6,34;0,79;4,09;0,69;3,65;;
6.321;1,04;3,58;1,15;5,04;0,43;4,94;1,98;6,34;0,86;4,09;0,69;3,55;;
6.357;0,97;3,58;0,96;5,04;0,43;4,87;1,98;6,31;0,86;4,15;0,69;3,55;;
6.391;0,97;3,41;0,86;5,04;0,38;4,87;1,93;6,31;0,97;4,15;0,69;3,48;;
6.399;0,93;3,41;0,86;4,89;0,40;4,87;1,87;6,31;0,97;4,23;0,66;3,48;;
6.454;0,88;3,41;0,69;4,89;0,40;4,85;1,87;6,24;1,05;4,23;0,66;3,45;;
6.461;0,88;3,27;0,69;4,74;0,51;4,85;1,69;6,24;1,17;4,23;0,66;3,45;;
6.499;0,85;3,27;0,63;4,74;0,51;4,87;1,69;6,12;1,17;4,33;0,66;3,45;;
6.542;0,85;3,13;0,63;4,62;0,59;4,87;1,57;6,12;1,24;4,33;0,66;3,43;;
6.552;0,83;3,13;0,52;4,62;0,59;4,91;1,32;6,12;1,24;4,42;0,67;3,43;;
6.599;0,81;3,13;0,48;4,62;0,77;4,91;1,32;5,96;1,35;4,42;0,67;3,44;;
6.603;0,81;3,01;0,48;4,53;0,98;4,91;1,18;5,96;1,40;4,42;0,69;3,44;;
6.649;0,81;3,01;0,46;4,53;0,98;4,98;1,18;5,82;1,40;4,49;0,73;3,44;;
6.671;0,81;2,92;0,46;4,50;1,07;4,98;0,89;5,82;1,47;4,49;0,73;3,49;;
6.699;0,78;2,92;0,47;4,50;1,07;5,07;0,89;5,66;1,47;4,51;0,76;3,49;;
6.746;0,78;2,85;0,55;4,50;1,27;5,07;0,75;5,66;1,49;4,51;0,76;3,55;;
6.751;0,78;2,85;0,55;4,50;1,36;5,07;0,49;5,66;1,49;4,50;0,83;3,55;;
6.799;0,76;2,85;0,67;4,50;1,36;5,15;0,49;5,53;1,49;4,50;0,83;3,63;;
6.811;0,76;2,81;0,67;4,55;1,52;5,15;0,28;5,53;1,47;4,50;0,88;3,63;;
6.852;0,75;2,81;0,74;4,55;1,52;5,23;0,28;5,45;1,47;4,45;0,97;3,63;;
6.883;0,75;2,80;0,74;4,61;1,57;5,23;0,24;5,45;1,44;4,45;0,97;3,73;;
6.899;0,75;2,80;0,89;4,61;1,57;5,27;0,35;5,45;1,44;4,35;1,07;3,73;;
6.95;0,74;2,80;0,99;4,61;1,66;5,27;0,35;5,41;1,37;4,35;1,07;3,83;;
6.954;0,74;2,80;0,99;4,70;1,69;5,27;0,47;5,41;1,32;4,35;1,12;3,83;;
6.999;0,73;2,80;1,15;4,70;1,69;5,28;0,47;5,42;1,32;4,23;1,21;3,83;;
7.021;0,73;2,83;1,15;4,79;1,67;5,28;0,70;5,42;1,23;4,23;1,21;3,92;;
7.049;0,75;2,83;1,24;4,79;1,67;5,23;0,70;5,48;1,23;4,10;1,26;3,92;;
7.091;0,75;2,83;1,39;4,79;1,61;5,23;0,84;5,48;1,12;4,10;1,26;3,98;;
7.099;0,75;2,88;1,39;4,87;1,56;5,23;1,10;5,48;1,07;4,10;1,33;3,98;;
7.149;0,77;2,88;1,51;4,87;1,56;5,13;1,10;5,56;1,07;3,95;1,33;4,01;;
7.161;0,77;2,95;1,51;4,93;1,42;5,13;1,35;5,56;0,98;3,95;1,36;4,01;;
7.199;0,80;2,95;1,55;4,93;1,42;5,00;1,35;5,65;0,98;3,80;1,39;4,01;;
7.239;0,80;3,03;1,55;4,97;1,34;5,00;1,46;5,65;0,93;3,80;1,39;4,02;;
7.25;0,85;3,03;1,60;4,97;1,18;5,00;1,64;5,65;0,93;3,64;1,40;4,02;;
7.299;0,90;3,03;1,61;4,97;1,18;4,86;1,64;5,73;0,86;3,64;1,40;3,99;;
7.302;0,90;3,13;1,61;4,97;1,10;4,86;1,72;5,73;0,84;3,64;1,38;3,99;;
7.35;0,94;3,13;1,58;4,97;1,10;4,69;1,72;5,79;0,84;3,50;1,35;3,99;;
7.371;0,94;3,22;1,58;4,91;0,94;4,69;1,81;5,79;0,79;3,50;1,35;3,92;;
7.399;1,01;3,22;1,55;4,91;0,94;4,55;1,81;5,80;0,79;3,37;1,32;3,92;;
7.449;1,05;3,22;1,46;4,91;0,78;4,55;1,83;5,80;0,77;3,37;1,32;3,85;;
7.456;1,05;3,32;1,46;4,82;0,73;4,55;1,79;5,80;0,74;3,37;1,27;3,85;;
7.499;1,11;3,32;1,39;4,82;0,73;4,40;1,79;5,77;0,74;3,26;1,27;3,72;;
7.511;1,11;3,40;1,39;4,70;0,63;4,40;1,75;5,77;0,72;3,26;1,23;3,72;;
7.554;1,16;3,40;1,26;4,70;0,63;4,28;1,75;5,69;0,72;3,20;1,16;3,72;;
7.581;1,16;3,47;1,26;4,55;0,59;4,28;1,62;5,69;0,71;3,20;1,16;3,60;;
7.6;1,22;3,47;1,12;4,55;0,54;4,28;1,44;5,69;0,71;3,20;1,12;3,60;;
7.651;1,24;3,47;1,06;4,55;0,54;4,20;1,44;5,56;0,71;3,15;1,12;3,45;;
7.659;1,24;3,51;1,06;4,38;0,53;4,20;1,33;5,56;0,69;3,15;1,06;3,45;;
7.699;1,29;3,51;0,93;4,38;0,53;4,15;1,33;5,41;0,69;3,13;1,00;3,45;;
7.721;1,29;3,53;0,93;4,23;0,55;4,15;1,11;5,41;0,70;3,13;1,00;3,29;;
7.751;1,31;3,53;0,87;4,23;0,55;4,15;1,11;5,26;0,70;3,15;0,97;3,29;;
7.791;1,31;3,53;0,77;4,23;0,59;4,15;1,00;5,26;0,71;3,15;0,97;3,15;;
7.799;1,31;3,51;0,77;4,08;0,63;4,15;0,79;5,26;0,72;3,15;0,93;3,15;;
7.849;1,30;3,51;0,73;4,08;0,63;4,18;0,79;5,09;0,72;3,20;0,93;2,99;;
7.861;1,30;3,46;0,73;3,96;0,73;4,18;0,69;5,09;0,76;3,20;0,91;2,99;;
7.899;1,29;3,46;0,67;3,96;0,73;4,24;0,69;4,97;0,76;3,26;0,90;2,99;;
7.946;1,29;3,38;0,67;3,86;0,80;4,24;0,53;4,97;0,78;3,26;0,90;2,85;;
7.952;1,25;3,38;0,62;3,86;0,93;4,24;0,41;4,97;0,84;3,26;0,86;2,85;;
7.999;1,24;3,38;0,62;3,86;0,93;4,32;0,41;4,87;0,84;3,34;0,86;2,71;;
8.003;1,24;3,29;0,62;3,79;1,00;4,32;0,39;4,87;0,88;3,34;0,87;2,71;;
8.049;1,19;3,29;0,60;3,79;1,00;4,41;0,39;4,81;0,88;3,43;0,86;2,71;;
8.071;1,19;3,17;0,60;3,76;1,15;4,41;0,42;4,81;0,95;3,43;0,86;2,60;;
8.099;1,14;3,17;0,60;3,76;1,15;4,50;0,42;4,80;0,95;3,52;0,84;2,60;;
8.149;1,11;3,17;0,63;3,76;1,22;4,50;0,47;4,80;1,00;3,52;0,84;2,51;;
8.155;1,11;3,03;0,63;3,76;1,35;4,50;0,63;4,80;1,09;3,52;0,83;2,51;;
8.199;1,07;3,03;0,66;3,76;1,35;4,59;0,63;4,82;1,09;3,61;0,83;2,45;;
8.211;1,07;2,89;0,66;3,80;1,45;4,59;0,71;4,82;1,13;3,61;0,82;2,45;;
8.249;1,05;2,89;0,71;3,80;1,45;4,65;0,71;4,88;1,13;3,68;0,81;2,45;;
8.281;1,05;2,73;0,71;3,85;1,49;4,65;0,90;4,88;1,20;3,68;0,81;2,41;;
8.3;1,02;2,73;0,75;3,85;1,53;4,65;1,00;4,88;1,28;3,68;0,79;2,41;;
8.352;1,00;2,73;0,86;3,85;1,53;4,66;1,00;4,95;1,28;3,75;0,79;2,40;;
8.353;1,00;2,57;0,86;3,94;1,54;4,66;1,19;4,95;1,31;3,75;0,80;2,40;;
8.399;0,98;2,57;0,98;3,94;1,54;4,63;1,19;5,05;1,31;3,78;0,78;2,40;;
8.421;0,98;2,42;0,98;4,04;1,51;4,63;1,37;5,05;1,34;3,78;0,78;2,40;;
8.449;0,97;2,42;1,02;4,04;1,48;4,63;1,37;5,14;1,34;3,78;0,77;2,40;;
8.491;0,95;2,42;1,15;4,04;1,48;4,57;1,45;5,14;1,35;3,78;0,77;2,42;;
8.499;0,95;2,25;1,15;4,13;1,42;4,57;1,58;5,14;1,35;3,78;0,77;2,42;;
8.549;0,95;2,25;1,21;4,13;1,42;4,48;1,58;5,21;1,35;3,76;0,77;2,46;;
8.561;0,95;2,12;1,21;4,21;1,37;4,48;1,62;5,21;1,34;3,76;0,77;2,46;;
8.599;0,93;2,12;1,31;4,21;1,37;4,34;1,62;5,23;1,34;3,70;0,78;2,46;;
8.645;0,93;1,98;1,31;4,28;1,25;4,34;1,67;5,23;1,31;3,70;0,78;2,52;;
8.649;0,94;1,98;1,35;4,28;1,14;4,34;1,67;5,23;1,29;3,70;0,79;2,52;;
8.699;0,93;1,98;1,42;4,28;1,14;4,21;1,67;5,22;1,29;3,61;0,79;2,58;;
8.781;0,93;1,83;1,42;4,32;1,09;4,21;1,63;5,22;1,23;3,61;0,81;2,58;;
8.782;0,93;1,83;1,44;4,32;1,09;4,05;1,63;5,15;1,23;3,49;0,82;2,58;;
8.782;0,93;1,73;1,45;4,32;0,97;4,05;1,58;5,15;1,18;3,49;0,82;2,65;;
8.827;0,94;1,73;1,45;4,30;0,92;4,05;1,58;5,06;1,18;3,35;0,86;2,65;;
8.841;0,93;1,73;1,44;4,30;0,92;3,89;1,47;5,06;1,14;3,35;0,86;2,73;;
8.849;0,93;1,63;1,44;4,24;0,84;3,89;1,32;5,06;1,09;3,35;0,88;2,73;;
8.899;0,93;1,63;1,40;4,24;0,84;3,74;1,32;4,92;1,09;3,20;0,88;2,83;;
8.911;0,93;1,55;1,36;4,24;0,81;3,74;1,25;4,92;1,06;3,20;0,93;2,83;;
8.96;0,92;1,55;1,36;4,15;0,81;3,60;1,25;4,78;1,06;3,05;0,99;2,83;;
8.981;0,91;1,55;1,28;4,15;0,75;3,60;1,08;4,78;1,01;3,05;0,99;2,92;;
8.999;0,91;1,49;1,28;4,00;0,72;3,60;1,00;4,78;1,00;3,05;1,01;2,92;;
9.059;0,91;1,49;1,23;4,00;0,72;3,49;1,00;4,61;1,00;2,89;1,01;3,01;;
9.061;0,91;1,46;1,14;4,00;0,71;3,49;0,85;4,61;0,96;2,89;1,08;3,01;;
9.099;0,91;1,46;1,14;3,86;0,71;3,42;0,85;4,47;0,96;2,73;1,11;3,01;;
9.121;0,91;1,43;1,05;3,86;0,68;3,42;0,78;4,47;0,93;2,73;1,11;3,10;;
9.156;0,89;1,43;1,05;3,70;0,68;3,42;0,78;4,33;0,93;2,59;1,16;3,10;;
9.191;0,90;1,43;1,01;3,70;0,68;3,37;0,67;4,33;0,93;2,59;1,16;3,16;;
9.199;0,90;1,41;1,01;3,55;0,67;3,37;0,59;4,33;0,91;2,59;1,19;3,16;;
9.26;0,88;1,41;0,94;3,55;0,67;3,35;0,59;4,21;0,91;2,45;1,23;3,16;;
9.263;0,88;1,40;0,91;3,55;0,67;3,35;0,57;4,21;0,91;2,45;1,23;3,20;;
9.299;0,87;1,40;0,91;3,38;0,67;3,36;0,57;4,14;0,91;2,33;1,24;3,20;;
9.331;0,86;1,40;0,86;3,38;0,69;3,36;0,54;4,14;0,90;2,33;1,24;3,20;;
9.358;0,86;1,42;0,86;3,23;0,69;3,36;0,53;4,14;0,89;2,33;1,25;3,20;;
9.4;0,86;1,42;0,84;3,23;0,69;3,40;0,53;4,10;0,89;2,23;1,25;3,19;;
9.402;0,86;1,44;0,82;3,23;0,73;3,40;0,56;4,10;0,89;2,23;1,25;3,19;;
9.463;0,85;1,44;0,82;3,10;0,73;3,45;0,56;4,10;0,89;2,15;1,25;3,19;;
9.472;0,85;1,47;0,79;3,10;0,79;3,45;0,59;4,10;0,87;2,15;1,25;3,15;;
9.499;0,84;1,47;0,79;3,00;0,82;3,45;0,68;4,10;0,87;2,08;1,23;3,15;;
9.541;0,83;1,47;0,78;3,00;0,82;3,52;0,68;4,14;0,86;2,08;1,23;3,06;;
9.559;0,83;1,52;0,78;2,93;0,91;3,52;0,73;4,14;0,86;2,08;1,21;3,06;;
9.599;0,83;1,52;0,77;2,93;0,91;3,61;0,73;4,21;0,86;2,03;1,19;3,06;;
9.611;0,83;1,56;0,76;2,93;0,95;3,61;0,85;4,21;0,86;2,03;1,19;2,96;;
9.657;0,82;1,56;0,76;2,87;0,95;3,70;0,85;4,29;0,86;1,99;1,17;2,96;;
9.681;0,82;1,56;0,74;2,87;1,05;3,70;0,99;4,29;0,84;1,99;1,17;2,85;;
9.7;0,82;1,63;0,74;2,85;1,10;3,70;1,06;4,29;0,83;1,99;1,13;2,85;;
9.757;0,81;1,63;0,74;2,85;1,10;3,79;1,06;4,37;0,83;1,98;1,13;2,71;;
9.759;0,81;1,70;0,72;2,85;1,19;3,79;1,19;4,37;0,82;1,98;1,12;2,71;;
9.799;0,81;1,70;0,72;2,86;1,19;3,88;1,19;4,47;0,82;1,98;1,08;2,71;;
9.824;0,81;1,78;0,74;2,86;1,24;3,88;1,26;4,47;0,82;1,98;1,08;2,57;;
9.861;0,82;1,78;0,74;2,88;1,31;3,88;1,38;4,47;0,82;2,00;1,05;2,57;;
9.891;0,83;1,78;0,73;2,88;1,31;3,94;1,38;4,53;0,82;2,00;1,05;2,43;;
9.9;0,83;1,85;0,73;2,93;1,36;3,94;1,42;4,53;0,81;2,00;1,04;2,43;;
9.957;0,82;1,85;0,74;2,93;1,36;3,98;1,42;4,59;0,81;2,03;1,03;2,43;;
9.962;0,82;1,94;0,77;2,93;1,38;3,98;1,50;4,59;0,80;2,03;1,03;2,25;;
9.999;0,85;1,94;0,77;2,99;1,38;3,96;1,50;4,61;0,80;2,08;1,01;2,25;;
10.032;0,85;1,94;0,80;2,99;1,39;3,96;1,52;4,61;0,80;2,08;1,01;2,10;;
10.05;0,85;2,03;0,80;3,07;1,38;3,96;1,52;4,61;0,79;2,08;1,00;2,10;;
10.099;0,88;2,03;0,82;3,07;1,38;3,92;1,52;4,59;0,79;2,14;1,00;2,10;;
10.102;0,88;2,11;0,88;3,07;1,35;3,92;1,48;4,59;0,80;2,14;1,00;1,95;;
10.16;0,89;2,11;0,88;3,15;1,35;3,85;1,48;4,52;0,80;2,21;0,99;1,95;;
10.171;0,89;2,20;0,92;3,15;1,34;3,85;1,45;4,52;0,81;2,21;0,99;1,81;;
10.199;0,93;2,20;0,92;3,23;1,28;3,85;1,37;4,52;0,81;2,29;0,98;1,81;;
10.242;0,96;2,20;0,99;3,23;1,28;3,75;1,37;4,42;0,82;2,29;0,98;1,67;;
10.265;0,96;2,29;0,99;3,33;1,21;3,75;1,31;4,42;0,83;2,29;0,98;1,67;;
10.299;0,98;2,29;1,03;3,33;1,21;3,62;1,31;4,30;0,83;2,38;0,98;1,67;;
10.311;0,98;2,38;1,10;3,33;1,18;3,62;1,20;4,30;0,87;2,38;0,98;1,53;;
10.361;1,02;2,38;1,10;3,42;1,18;3,48;1,20;4,15;0,87;2,48;0,98;1,53;;
10.382;1,04;2,38;1,17;3,42;1,10;3,48;1,16;4,15;0,91;2,48;0,98;1,40;;
10.399;1,04;2,46;1,17;3,49;1,07;3,48;1,04;4,15;0,92;2,48;0,98;1,40;;
10.459;1,07;2,46;1,20;3,49;1,07;3,34;1,04;3,99;0,92;2,58;0,97;1,40;;
10.462;1,07;2,53;1,26;3,49;1,01;3,34;0,96;3,99;0,98;2,58;0,97;1,28;;
10.499;1,10;2,53;1,26;3,55;1,01;3,18;0,96;3,84;0,98;2,66;0,98;1,28;;
10.521;1,10;2,57;1,28;3,55;0,99;3,18;0,91;3,84;1,00;2,66;0,98;1,17;;
10.561;1,13;2,57;1,28;3,58;0,94;3,18;0,83;3,84;1,00;2,75;0,98;1,17;;
10.591;1,15;2,57;1,32;3,58;0,94;3,02;0,83;3,69;1,05;2,75;0,98;1,06;;
10.599;1,15;2,60;1,32;3,56;0,93;3,02;0,81;3,69;1,07;2,75;0,98;1,06;;
10.656;1,17;2,60;1,32;3,56;0,93;2,88;0,81;3,55;1,07;2,83;0,97;1,06;;
10.669;1,17;2,60;1,32;3,56;0,90;2,88;0,76;3,55;1,12;2,83;0,97;0,97;;
10.699;1,18;2,60;1,32;3,52;0,90;2,73;0,76;3,44;1,12;2,88;0,98;0,97;;
10.732;1,17;2,60;1,29;3,52;0,88;2,73;0,73;3,44;1,15;2,88;0,98;0,88;;
10.751;1,17;2,57;1,29;3,45;0,87;2,73;0,72;3,44;1,18;2,88;0,97;0,88;;
10.805;1,17;2,57;1,27;3,45;0,87;2,61;0,72;3,36;1,18;2,90;0,97;0,88;;
10.809;1,17;2,53;1,23;3,45;0,86;2,61;0,70;3,36;1,20;2,90;0,97;0,80;;
10.866;1,17;2,53;1,23;3,35;0,86;2,50;0,70;3,30;1,20;2,92;0,97;0,80;;
10.871;1,17;2,46;1,20;3,35;0,86;2,50;0,69;3,30;1,21;2,92;0,97;0,73;;
10.899;1,16;2,46;1,20;3,22;0,84;2,50;0,68;3,30;1,21;2,89;0,96;0,73;;
10.941;1,16;2,46;1,15;3,22;0,84;2,42;0,68;3,27;1,21;2,89;0,96;0,66;;
10.964;1,16;2,38;1,13;3,22;0,83;2,42;0,69;3,27;1,21;2,89;0,97;0,66;;
10.999;1,13;2,38;1,13;3,07;0,83;2,36;0,69;3,28;1,21;2,85;0,97;0,66;;
11.011;1,13;2,27;1,08;3,07;0,82;2,36;0,70;3,28;1,20;2,85;0,97;0,60;;
11.061;1,11;2,27;1,08;2,94;0,82;2,31;0,70;3,29;1,20;2,78;0,96;0,60;;
11.082;1,10;2,27;1,06;2,94;0,81;2,31;0,71;3,29;1,19;2,78;0,96;0,55;;
11.102;1,10;2,15;1,06;2,78;0,80;2,31;0,74;3,29;1,17;2,78;0,96;0,55;;
11.155;1,09;2,15;1,03;2,78;0,80;2,30;0,74;3,35;1,17;2,69;0,96;0,55;;
11.156;1,09;2,02;0,99;2,78;0,80;2,30;0,76;3,35;1,16;2,69;0,96;0,50;;
11.199;1,08;2,02;0,99;2,64;0,80;2,30;0,76;3,42;1,16;2,60;0,95;0,50;;
11.221;1,08;1,88;0,98;2,64;0,79;2,30;0,82;3,42;1,13;2,60;0,95;0,45;;
11.256;1,05;1,88;0,98;2,47;0,78;2,30;0,90;3,42;1,13;2,48;0,95;0,45;;
11.291;1,06;1,88;0,96;2,47;0,78;2,33;0,90;3,51;1,12;2,48;0,95;0,41;;
11.3;1,06;1,73;0,95;2,47;0,78;2,33;0,95;3,51;1,10;2,48;0,96;0,41;;
11.36;1,04;1,73;0,95;2,32;0,78;2,36;0,95;3,61;1,10;2,35;0,95;0,41;;
11.362;1,04;1,57;0,95;2,32;0,77;2,36;1,04;3,61;1,07;2,35;0,95;0,36;;
11.399;1,04;1,57;0,95;2,18;0,77;2,43;1,04;3,70;1,07;2,21;0,95;0,36;;
11.432;1,04;1,57;0,94;2,18;0,77;2,43;1,09;3,70;1,06;2,21;0,95;0,33;;
11.45;1,04;1,43;0,93;2,18;0,79;2,43;1,18;3,70;1,05;2,21;0,94;0,33;;
11.5;1,03;1,43;0,93;2,05;0,79;2,50;1,18;3,78;1,05;2,06;0,94;0,33;;
11.503;1,03;1,27;0,93;2,05;0,81;2,50;1,22;3,78;1,04;2,06;0,94;0,29;;
11.561;1,03;1,27;0,93;1,92;0,81;2,58;1,22;3,85;1,04;1,91;0,94;0,29;;
11.571;1,03;1,11;0,92;1,92;0,82;2,58;1,29;3,85;1,03;1,91;0,94;0,26;;
11.599;1,02;1,11;0,92;1,82;0,86;2,58;1,33;3,85;1,03;1,76;0,94;0,26;;
11.666;1,03;1,11;0,92;1,82;0,86;2,67;1,33;3,89;1,02;1,76;0,94;0,24;;
11.667;1,03;0,96;0,92;1,82;0,88;2,67;1,36;3,89;1,01;1,76;0,95;0,24;;
11.72;1,03;0,96;0,92;1,73;0,88;2,76;1,36;3,90;1,01;1,60;0,94;0,24;;
11.722;1,03;0,81;0,91;1,73;0,94;2,76;1,38;3,90;1,00;1,60;0,94;0,21;;
11.758;1,04;0,81;0,91;1,66;0,94;2,85;1,38;3,87;1,00;1,45;0,94;0,21;;
11.791;1,03;0,81;0,90;1,66;0,96;2,85;1,37;3,87;1,01;1,45;0,94;0,18;;
11.799;1,03;0,66;0,90;1,66;1,02;2,85;1,35;3,87;1,02;1,45;0,94;0,18;;
11.86;1,03;0,66;0,90;1,60;1,02;2,93;1,35;3,81;1,02;1,29;0,94;0,18;;
11.87;1,03;0,52;0,90;1,60;1,04;2,93;1,33;3,81;1,01;1,29;0,94;0,16;;
11.899;1,03;0,52;0,90;1,55;1,04;3,02;1,33;3,73;1,01;1,15;0,93;0,16;;
11.931;1,03;0,36;0,89;1,55;1,11;3,02;1,27;3,73;1,01;1,15;0,93;0,13;;
11.949;1,04;0,36;0,89;1,53;1,16;3,02;1,25;3,73;1,01;1,01;0,94;0,13;;
11.999;1,03;0,36;0,88;1,53;1,16;3,08;1,25;3,62;1,02;1,01;0,94;0,11;;
12.002;1,03;0,22;0,88;1,53;1,18;3,08;1,18;3,62;1,01;1,01;0,94;0,11;;
12.049;1,03;0,22;0,88;1,51;1,18;3,13;1,18;3,49;1,01;0,86;0,94;0,11;;
12.075;1,03;0,08;0,86;1,51;1,22;3,13;1,15;3,49;1,01;0,86;0,94;0,09;;
12.099;1,03;0,08;0,86;1,50;1,22;3,15;1,15;3,35;1,01;0,72;0,94;0,09;;
12.141;1,04;0,08;0,87;1,50;1,23;3,15;1,08;3,35;1,01;0,72;0,94;0,07;;
12.151;1,04;0,06;0,84;1,50;1,25;3,15;1,02;3,35;1,01;0,72;0,94;0,07;;
12.199;1,04;0,06;0,84;1,53;1,25;3,15;1,02;3,19;1,01;0,59;0,94;0,07;;
12.211;1,04;0,18;0,84;1,53;1,25;3,15;1,00;3,19;1,01;0,59;0,94;0,06;;
12.249;1,05;0,18;0,84;1,55;1,25;3,11;1,00;3,04;1,01;0,45;0,94;0,06;;
12.281;1,05;0,28;0,83;1,55;1,24;3,11;0,95;3,04;1,01;0,45;0,94;0,04;;
12.3;1,05;0,28;0,83;1,59;1,22;3,11;0,94;3,04;1,01;0,33;0,94;0,04;;
12.349;1,05;0,28;0,82;1,59;1,22;3,05;0,94;2,88;1,01;0,33;0,94;0,01;;
12.358;1,05;0,37;0,82;1,59;1,22;3,05;0,91;2,88;1,01;0,33;0,94;0,01;;
12.402;1,05;0,37;0,82;1,64;1,22;2,97;0,91;2,73;1,01;0,21;0,94;0,01;;
12.436;1,05;0,46;0,81;1,64;1,19;2,97;0,90;2,73;1,02;0,21;0,94;0,01;;
12.453;1,07;0,46;0,81;1,71;1,19;2,86;0,90;2,60;1,02;0,09;0,93;0,01;;
12.499;1,05;0,46;0,81;1,71;1,16;2,86;0,89;2,60;1,02;0,09;0,93;0,01;;
12.502;1,05;0,36;0,80;1,71;1,13;2,86;0,87;2,60;1,02;0,09;0,94;0,01;;
12.549;1,09;0,36;0,80;1,78;1,13;2,74;0,87;2,47;1,02;0,03;0,94;0,01;;
12.571;1,09;0,30;0,81;1,78;1,11;2,74;0,88;2,47;1,02;0,03;0,94;0,01;;
12.599;1,12;0,30;0,81;1,86;1,11;2,60;0,88;2,37;1,02;0,13;0,94;0,01;;
12.641;1,17;0,30;0,81;1,86;1,09;2,60;0,86;2,37;1,03;0,13;0,94;0,00;;
12.649;1,17;0,08;0,81;1,95;1,07;2,60;0,86;2,37;1,03;0,20;0,93;0,00;;
12.699;1,15;0,08;0,81;1,95;1,07;2,45;0,86;2,29;1,03;0,20;0,93;0,01;;
12.711;1,15;0,12;0,84;1,95;1,04;2,45;0,84;2,29;1,03;0,20;0,94;0,01;;
12.749;1,14;0,12;0,84;2,05;1,04;2,30;0,84;2,24;1,03;0,25;0,93;0,01;;
12.79;1,14;0,30;0,86;2,05;1,03;2,30;0,84;2,24;1,03;0,25;0,93;0,01;;
12.805;1,13;0,30;0,86;2,13;1,03;2,15;0,84;2,21;1,03;0,29;0,93;0,01;;
12.849;1,11;0,30;0,87;2,13;1,01;2,15;0,82;2,21;1,04;0,29;0,93;0,01;;
12.853;1,11;0,43;0,90;2,13;1,01;2,15;0,82;2,21;1,05;0,29;0,93;0,01;;
12.901;1,10;0,43;0,90;2,24;1,01;1,98;0,82;2,20;1,05;0,33;0,94;0,01;;
12.921;1,10;0,51;0,93;2,24;1,00;1,98;0,80;2,20;1,08;0,33;0,94;0,00;;
12.949;1,10;0,51;0,93;2,32;1,00;1,83;0,80;2,21;1,08;0,26;0,94;0,00;;
12.996;1,08;0,51;0,96;2,32;1,00;1,83;0,80;2,21;1,08;0,26;0,94;0,01;;
13.0;1,08;0,54;0,96;2,40;0,99;1,83;0,79;2,21;1,08;0,11;0,94;0,01;;
13.049;1,08;0,54;0,98;2,40;0,99;1,68;0,79;2,23;1,09;0,11;0,94;0,00;;
13.061;1,08;0,56;1,03;2,40;0,99;1,68;0,79;2,23;1,08;0,11;0,94;0,00;;
13.099;1,08;0,56;1,03;2,48;0,99;1,54;0,79;2,26;1,08;0,03;0,93;0,00;;
13.131;1,08;0,58;1,05;2,48;0,99;1,54;0,78;2,26;1,06;0,03;0,93;0,00;;
13.149;1,09;0,58;1,05;2,55;0,99;1,40;0,78;2,31;1,06;0,06;0,93;0,00;;
13.202;1,09;0,58;1,09;2,55;0,99;1,40;0,79;2,31;1,05;0,06;0,93;0,01;;
13.21;1,09;0,65;1,13;2,55;0,99;1,40;0,80;2,31;1,04;0,06;0,92;0,01;;
13.249;1,09;0,65;1,13;2,60;0,99;1,28;0,80;2,37;1,04;0,04;0,93;0,01;;
13.291;1,09;0,73;1,13;2,60;0,99;1,28;0,80;2,37;1,04;0,04;0,93;0,00;;
13.303;1,10;0,73;1,13;2,63;0,99;1,16;0,80;2,44;1,04;0,03;0,94;0,00;;
13.35;1,10;0,73;1,16;2,63;0,98;1,16;0,82;2,44;1,05;0,03;0,94;0,00;;
13.352;1,10;0,88;1,16;2,65;0,99;1,16;0,83;2,44;1,04;0,03;0,94;0,00;;
13.4;1,09;0,88;1,17;2,65;0,99;1,04;0,83;2,52;1,04;0,01;0,94;0,00;;
13.421;1,09;1,04;1,18;2,65;0,99;1,04;0,87;2,52;1,05;0,01;0,92;0,00;;
13.449;1,07;1,04;1,18;2,64;0,99;0,93;0,87;2,60;1,05;0,02;0,93;0,00;;
13.5;1,07;1,16;1,18;2,64;0,98;0,93;0,90;2,60;1,04;0,02;0,93;0,01;;
13.501;1,06;1,16;1,18;2,61;0,98;0,84;0,90;2,70;1,04;0,01;0,93;0,01;;
13.549;1,03;1,16;1,18;2,61;0,99;0,84;0,94;2,70;1,06;0,01;0,93;0,01;;
13.571;1,03;1,26;1,18;2,61;0,99;0,84;0,98;2,70;1,06;0,01;0,94;0,01;;
13.599;1,00;1,26;1,18;2,55;0,99;0,76;0,98;2,79;1,06;0,02;0,93;0,01;;
13.641;1,00;1,23;1,16;2,55;0,98;0,76;1,03;2,79;1,05;0,02;0,93;0,01;;
13.649;0,98;1,23;1,16;2,47;0,98;0,68;1,03;2,89;1,05;0,02;0,93;0,01;;
13.699;0,98;1,23;1,14;2,47;0,99;0,68;1,05;2,89;1,06;0,02;0,93;0,00;;
13.711;0,98;1,13;1,14;2,38;0,99;0,68;1,11;2,89;1,06;0,02;0,94;0,00;;
13.749;0,98;1,13;1,13;2,38;0,99;0,58;1,11;2,96;1,06;0,01;0,94;0,00;;
13.799;0,98;1,02;1,11;2,38;0,98;0,58;1,16;2,96;1,05;0,01;0,93;0,00;;
13.801;0,98;1,02;1,11;2,27;0,98;0,51;1,16;3,02;1,05;0,00;0,94;0,00;;
13.849;0,98;0,93;1,10;2,27;0,98;0,51;1,18;3,02;1,05;0,00;0,94;0,01;;
13.852;0,97;0,93;1,10;2,14;0,98;0,44;1,18;3,07;1,05;0,01;0,92;0,01;;
13.899;0,98;0,93;1,09;2,14;0,98;0,44;1,22;3,07;1,06;0,01;0,92;0,01;;
13.921;0,98;0,83;1,08;2,14;0,97;0,44;1,22;3,07;1,05;0,01;0,93;0,01;;
13.949;0,97;0,83;1,08;2,00;0,97;0,37;1,22;3,07;1,05;0,00;0,93;0,01;;
14.002;0,97;0,76;1,06;2,00;0,97;0,37;1,23;3,07;1,06;0,00;0,93;0,01;;
14.003;0,97;0,76;1,06;1,85;0,97;0,31;1,23;3,05;1,06;0,01;0,94;0,01;;
14.049;0,97;0,76;1,05;1,85;0,97;0,31;1,24;3,05;1,06;0,01;0,94;0,01;;
14.064;0,97;0,70;1,05;1,71;0,97;0,31;1,23;3,05;1,06;0,01;0,92;0,01;;
14.11;0,98;0,70;1,04;1,71;0,97;0,24;1,23;3,00;1,06;0,01;0,92;0,00;;
14.133;0,98;0,63;1,04;1,71;0,97;0,24;1,22;3,00;1,05;0,01;0,93;0,00;;
14.149;0,96;0,63;1,04;1,55;0,97;0,18;1,22;2,94;1,05;0,01;0,93;0,00;;
14.199;0,96;0,57;1,04;1,55;0,97;0,18;1,20;2,94;1,05;0,01;0,93;0,00;;
14.204;0,97;0,57;1,04;1,39;0,97;0,12;1,20;2,85;1,05;0,03;0,92;0,00;;
14.249;0,96;0,57;1,02;1,39;0,98;0,12;1,17;2,85;1,06;0,03;0,92;0,00;;
14.271;0,96;0,51;1,03;1,39;0,97;0,12;1,16;2,85;1,06;0,03;0,93;0,00;;
14.299;0,97;0,51;1,03;1,23;0,97;0,07;1,16;2,73;1,06;0,03;0,94;0,00;;
14.341;0,97;0,46;1,03;1,23;0,98;0,07;1,12;2,73;1,07;0,03;0,94;0,00;;
14.349;0,95;0,46;1,03;1,07;0,98;0,01;1,12;2,60;1,07;0,04;0,92;0,00;;
14.401;0,96;0,46;1,03;1,07;0,97;0,01;1,11;2,60;1,07;0,04;0,92;0,00;;
14.411;0,96;0,41;1,03;0,91;0,97;0,01;1,08;2,60;1,07;0,13;0,93;0,00;;
14.449;0,96;0,41;1,03;0,91;0,97;0,03;1,08;2,46;1,07;0,13;0,93;0,01;;
14.496;0,96;0,36;1,03;0,91;0,97;0,03;1,07;2,46;1,06;0,13;0,93;0,01;;
14.504;0,96;0,36;1,03;0,73;0,97;0,05;1,07;2,32;1,06;0,22;0,93;0,01;;
14.549;0,96;0,32;1,03;0,73;0,98;0,05;1,05;2,32;1,07;0,22;0,93;0,00;;
14.606;0,95;0,32;1,03;0,57;0,97;0,05;1,05;2,16;1,07;0,27;0,94;0,00;;
14.607;0,95;0,32;1,03;0,57;0,97;0,06;1,04;2,16;1,06;0,27;0,94;0,00;;
14.626;0,95;0,27;1,02;0,57;0,97;0,06;1,02;2,16;1,05;0,27;0,93;0,00;;
14.659;0,96;0,27;1,02;0,43;0,97;0,05;1,02;2,02;1,05;0,31;0,92;0,00;;
14.693;0,96;0,24;1,03;0,43;0,97;0,05;1,01;2,02;1,07;0,31;0,92;0,00;;
14.699;0,95;0,24;1,03;0,27;0,97;0,05;1,01;1,87;1,07;0,37;0,93;0,00;;
14.749;0,94;0,24;1,03;0,27;0,98;0,05;1,01;1,87;1,06;0,37;0,93;0,00;;
14.761;0,94;0,21;1,03;0,27;0,98;0,05;1,00;1,87;1,06;0,45;0,93;0,00;;
14.799;0,95;0,21;1,03;0,12;0,98;0,01;1,00;1,73;1,06;0,45;0,93;0,01;;
14.831;0,95;0,17;1,04;0,12;1,05;0,01;1,00;1,73;1,04;0,45;0,94;0,01;;
14.849;0,95;0,17;1,04;0,02;1,05;0,47;1,00;1,57;1,04;0,52;0,93;0,01;;
14.899;0,95;0,11;1,03;0,02;0,97;0,47;1,00;1,57;1,04;0,52;0,93;0,01;;
14.902;0,95;0,11;1,05;0,02;0,92;0,47;1,00;1,43;1,04;0,58;0,94;0,01;;
14.949;0,94;0,11;1,05;0,16;0,92;1,18;1,00;1,43;1,03;0,58;0,94;0,01;;
14.971;0,94;0,07;1,05;0,16;0,96;1,18;0,99;1,43;1,04;0,58;0,93;0,01;;
15.005;0,94;0,07;1,05;0,26;0,96;1,23;0,99;1,28;1,04;0,65;0,93;0,01;;
15.041;0,94;0,02;1,07;0,26;0,93;1,23;1,00;1,28;1,02;0,65;0,93;0,00;;
15.049;0,94;0,02;1,07;0,27;0,93;1,20;1,00;1,15;1,02;0,69;0,93;0,00;;
15.099;0,94;0,02;1,10;0,27;0,91;1,20;1,00;1,15;1,02;0,69;0,93;0,01;;
15.111;0,94;0,04;1,14;0,27;0,91;1,20;1,00;1,15;1,02;0,72;0,93;0,01;;
15.149;0,94;0,04;1,14;0,14;0,91;1,18;1,00;1,01;1,01;0,72;0,93;0,01;;
15.199;0,94;0,04;1,16;0,14;0,90;1,18;1,00;1,01;1,00;0,72;0,93;0,01;;
15.201;0,94;0,04;1,16;0,11;0,90;1,17;1,00;0,90;1,00;0,75;0,93;0,01;;
15.249;0,94;0,03;1,13;0,11;0,89;1,17;0,99;0,90;1,00;0,75;0,93;0,01;;
15.252;0,94;0,03;1,11;0,11;0,88;1,17;0,99;0,78;1,00;0,74;0,93;0,01;;
15.299;0,94;0,03;1,11;0,26;0,88;1,16;1,00;0,78;0,98;0,74;0,93;0,00;;
15.321;0,94;0,01;1,10;0,26;0,88;1,16;1,00;0,78;0,99;0,74;0,93;0,00;;
15.349;0,95;0,01;1,10;0,35;0,88;1,16;1,00;0,66;0,99;0,74;0,93;0,00;;
15.4;0,95;0,04;1,08;0,35;0,87;1,16;1,00;0,66;0,99;0,74;0,93;0,01;;
15.406;0,95;0,04;1,08;0,38;0,87;1,18;1,00;0,56;0,99;0,75;0,93;0,01;;
15.449;0,95;0,04;1,08;0,38;0,86;1,18;0,99;0,56;0,98;0,75;0,93;0,00;;
15.461;0,95;0,03;1,08;0,38;0,86;1,18;1,01;0,56;0,98;0,73;0,94;0,00;;
15.499;0,94;0,03;1,08;0,39;0,86;1,21;1,01;0,45;0,96;0,73;0,94;0,00;;
15.531;0,94;0,01;1,06;0,39;0,86;1,21;1,00;0,45;0,97;0,73;0,94;0,00;;
15.549;0,94;0,01;1,06;0,35;0,86;1,24;1,00;0,36;0,97;0,66;0,94;0,00;;
15.6;0,94;0,02;1,05;0,35;0,84;1,24;0,99;0,36;0,96;0,66;0,94;0,00;;
15.607;0,94;0,02;1,07;0,35;0,83;1,24;0,99;0,27;0,96;0,56;0,93;0,00;;
15.649;0,95;0,02;1,07;0,30;0,83;1,28;1,00;0,27;0,96;0,56;0,93;0,00;;
15.671;0,95;0,04;1,09;0,30;0,83;1,28;1,00;0,27;0,96;0,56;0,93;0,00;;
15.717;0,94;0,04;1,09;0,34;0,83;1,33;1,00;0,18;0,96;0,43;0,92;0,00;;
15.741;0,94;0,03;1,11;0,34;0,83;1,33;1,00;0,18;0,97;0,43;0,92;0,01;;
15.749;0,94;0,03;1,11;0,53;0,83;1,40;1,00;0,08;0,97;0,29;0,94;0,01;;
15.799;0,94;0,03;1,11;0,53;0,83;1,40;1,00;0,08;0,97;0,29;0,94;0,01;;
15.811;0,94;0,01;1,09;0,53;0,82;1,40;1,00;0,08;0,97;0,16;0,92;0,01;;
15.849;0,94;0,01;1,09;0,73;0,82;1,46;1,00;0,01;0,97;0,16;0,93;0,01;;
15.891;0,94;0,00;1,08;0,73;0,82;1,46;1,00;0,01;0,97;0,16;0,93;0,01;;
15.902;0,94;0,00;1,08;0,84;0,82;1,54;1,00;0,08;0,97;0,08;0,93;0,01;;
15.95;0,94;0,01;1,05;0,84;0,82;1,54;1,01;0,08;0,97;0,08;0,93;0,01;;
15.952;0,94;0,01;1,02;0,84;0,82;1,54;1,01;0,13;0,97;0,01;0,94;0,01;;
16.001;0,94;0,01;1,02;0,83;0,82;1,62;1,01;0,13;0,97;0,01;0,94;0,00;;
16.021;0,94;0,01;1,03;0,83;0,82;1,62;1,01;0,13;0,97;0,01;0,92;0,00;;
16.049;0,95;0,01;1,03;0,78;0,82;1,71;1,01;0,16;0,97;0,05;0,94;0,00;;
16.092;0,95;0,00;1,02;0,78;0,83;1,71;1,00;0,16;0,96;0,05;0,94;0,00;;
16.105;0,94;0,00;1,02;0,75;0,83;1,81;1,00;0,19;0,96;0,05;0,93;0,00;;
16.149;0,94;0,00;1,03;0,75;0,84;1,81;1,01;0,19;0,96;0,05;0,93;0,01;;
16.161;0,94;0,00;1,02;0,75;0,87;1,81;1,01;0,19;0,96;0,03;0,93;0,01;;
16.199;0,95;0,00;1,02;0,74;0,87;1,91;1,01;0,21;0,96;0,03;0,93;0,01;;
16.231;0,95;0,01;1,02;0,74;0,88;1,91;1,00;0,21;0,96;0,03;0,93;0,00;;
16.249;0,94;0,01;1,02;0,73;0,88;2,01;1,00;0,24;0,96;0,00;0,93;0,00;;
16.3;0,94;0,00;1,01;0,73;0,90;2,01;1,00;0,24;0,96;0,00;0,93;0,01;;
16.304;0,94;0,00;1,00;0,73;0,92;2,01;1,00;0,27;0,96;0,03;0,95;0,01;;
16.349;0,95;0,00;1,00;0,72;0,92;2,11;1,01;0,27;0,96;0,03;0,95;0,01;;
16.371;0,95;0,00;1,00;0,72;0,95;2,11;1,02;0,27;0,97;0,03;0,92;0,01;;
16.413;0,94;0,00;1,00;0,70;0,95;2,19;1,02;0,31;0,97;0,04;0,95;0,01;;
16.441;0,94;0,01;1,00;0,70;0,97;2,19;1,02;0,31;0,96;0,04;0,95;0,00;;
16.449;0,95;0,01;1,00;0,68;0,97;2,28;1,02;0,28;0,96;0,03;0,93;0,00;;
16.499;0,94;0,01;1,00;0,68;1,01;2,28;1,02;0,28;0,97;0,03;0,93;0,01;;
16.511;0,94;0,02;0,99;0,68;1,05;2,28;1,03;0,28;0,97;0,01;0,93;0,01;;
16.549;0,94;0,02;0,99;0,64;1,05;2,34;1,03;0,26;0,96;0,01;0,93;0,01;;
16.6;0,94;0,04;0,98;0,64;1,06;2,34;1,04;0,26;0,96;0,01;0,93;0,01;;
16.607;0,94;0,04;0,98;0,56;1,06;2,41;1,04;0,18;0,96;0,01;0,94;0,01;;
16.649;0,94;0,04;0,98;0,56;1,08;2,41;1,04;0,18;0,96;0,01;0,94;0,01;;
16.653;0,94;0,04;0,99;0,56;1,11;2,41;1,04;0,10;0,96;0,01;0,93;0,01;;
16.699;0,94;0,04;0,99;0,48;1,11;2,43;1,04;0,10;0,96;0,01;0,93;0,01;;
16.721;0,94;0,05;0,98;0,48;1,13;2,43;1,05;0,10;0,97;0,01;0,93;0,01;;
16.749;0,94;0,05;0,98;0,42;1,13;2,45;1,05;0,02;0,97;0,01;0,94;0,01;;
16.801;0,94;0,05;0,99;0,42;1,13;2,45;1,05;0,02;0,96;0,01;0,94;0,00;;
16.802;0,95;0,05;0,99;0,36;1,13;2,45;1,05;0,16;0,96;0,00;0,94;0,00;;
16.849;0,94;0,05;0,98;0,36;1,15;2,45;1,04;0,16;0,96;0,00;0,94;0,00;;
16.861;0,94;0,06;0,98;0,36;1,16;2,45;1,04;0,16;0,96;0,01;0,93;0,00;;
16.901;0,95;0,06;0,98;0,33;1,16;2,43;1,04;0,23;0,96;0,01;0,93;0,00;;
16.933;0,95;0,07;0,98;0,33;1,16;2,43;1,01;0,23;0,96;0,01;0,93;0,00;;
16.949;0,95;0,07;0,98;0,31;1,16;2,37;1,01;0,18;0,96;0,01;0,92;0,00;;
17.013;0,95;0,07;0,98;0,31;1,15;2,37;1,01;0,18;0,96;0,01;0,92;0,01;;
17.015;0,95;0,07;0,98;0,31;1,15;2,37;1,01;0,06;0,96;0,01;0,94;0,01;;
17.049;0,95;0,07;0,98;0,32;1,15;2,31;1,01;0,06;0,96;0,01;0,94;0,01;;
17.071;0,95;0,06;0,98;0,32;1,14;2,31;1,01;0,06;0,96;0,01;0,92;0,01;;
17.114;0,95;0,06;0,98;0,31;1,14;2,22;1,01;0,04;0,96;0,01;0,94;0,01;;
17.141;0,95;0,05;0,97;0,31;1,13;2,22;1,01;0,04;0,96;0,01;0,94;0,00;;
17.15;0,95;0,05;0,97;0,31;1,13;2,13;1,01;0,02;0,96;0,00;0,93;0,00;;
17.211;0,95;0,05;0,97;0,31;1,11;2,13;1,02;0,02;0,97;0,00;0,93;0,00;;
17.219;0,95;0,04;0,97;0,31;1,11;2,13;1,02;0,02;0,97;0,01;0,94;0,00;;
17.249;0,95;0,04;0,97;0,32;1,11;2,02;1,02;0,01;0,95;0,01;0,94;0,00;;
17.283;0,95;0,01;1,08;0,32;1,09;2,02;1,02;0,01;0,96;0,01;0,94;0,00;;
17.31;0,95;0,01;0,94;0,32;1,09;1,91;1,02;0,01;0,96;0,00;0,94;0,00;;
17.349;0,95;0,01;0,94;0,35;1,08;1,91;1,02;0,01;0,96;0,00;0,94;0,00;;
17.354;0,95;0,01;0,97;0,35;1,07;1,91;1,02;0,01;0,96;0,01;0,94;0,00;;
17.41;0,95;0,01;0,97;0,35;1,07;1,78;1,02;0,02;0,96;0,01;0,94;0,00;;
17.421;0,95;0,01;0,96;0,35;1,06;1,78;1,03;0,02;0,97;0,01;0,94;0,01;;
17.449;0,95;0,01;0,95;0,35;1,06;1,63;1,03;0,01;0,97;0,01;0,94;0,01;;
17.542;0,95;0,02;0,95;0,34;1,05;1,63;1,03;0,01;0,97;0,01;0,94;0,01;;
17.543;0,95;0,02;0,96;0,34;1,05;1,48;1,03;0,04;0,97;0,00;0,94;0,01;;
17.551;0,95;0,02;0,96;0,34;1,05;1,48;1,02;0,04;0,96;0,00;0,94;0,01;;
17.589;0,95;0,01;0,96;0,34;1,04;1,48;1,02;0,04;0,96;0,00;0,93;0,01;;
17.6;0,96;0,01;0,96;0,31;1,04;1,33;1,02;0,01;0,97;0,00;0,93;0,01;;
17.631;0,96;0,00;0,95;0,31;1,04;1,33;1,01;0,01;0,96;0,00;0,93;0,00;;
17.649;0,95;0,00;0,96;0,31;1,04;1,18;1,01;0,01;0,96;0,00;0,94;0,00;;
17.707;0,95;0,00;0,96;0,31;1,04;1,18;1,02;0,01;0,96;0,00;0,94;0,00;;
17.709;0,95;0,00;0,96;0,31;1,03;1,18;1,05;0,01;0,96;0,00;0,93;0,00;;
17.749;0,95;0,00;0,96;0,26;1,03;1,02;1,05;0,05;0,96;0,00;0,94;0,00;;
17.771;0,95;0,01;0,96;0,26;1,04;1,02;1,05;0,05;0,96;0,00;0,94;0,01;;
17.811;0,95;0,01;0,96;0,26;1,04;0,87;1,05;0,21;0,96;0,00;0,93;0,01;;
17.841;0,95;0,03;0,96;0,26;1,04;0,87;1,05;0,21;0,96;0,00;0,93;0,01;;
17.851;0,96;0,03;0,96;0,21;1,04;0,71;1,05;0,40;0,96;0,01;0,93;0,01;;
17.908;0,96;0,03;0,95;0,21;1,03;0,71;1,03;0,40;0,96;0,01;0,93;0,00;;
17.913;0,96;0,01;0,95;0,21;1,04;0,71;1,03;0,40;0,96;0,00;0,93;0,00;;
17.949;0,96;0,01;0,95;0,21;1,04;0,56;1,03;0,49;0,96;0,00;0,93;0,00;;
17.981;0,96;0,00;0,96;0,21;1,03;0,56;1,01;0,49;0,96;0,00;0,93;0,00;;
18.0;0,95;0,00;0,96;0,18;1,03;0,41;1,01;0,55;0,96;0,00;0,93;0,00;;
18.05;0,95;0,00;0,96;0,18;1,04;0,41;1,01;0,55;0,97;0,00;0,93;0,00;;
18.052;0,95;0,01;0,96;0,18;1,03;0,41;1,02;0,55;0,97;0,01;0,93;0,00;;
18.109;0,95;0,01;0,96;0,18;1,03;0,25;1,02;0,65;0,96;0,01;0,94;0,00;;
18.122;0,95;0,00;0,96;0,15;1,04;0,25;1,01;0,65;0,96;0,01;0,94;0,00;;
18.149;0,95;0,00;0,96;0,15;1,04;0,09;1,01;0,78;0,96;0,00;0,94;0,00;;
18.192;0,95;0,01;0,96;0,15;1,03;0,09;0,99;0,78;0,96;0,00;0,94;0,01;;
18.21;0,95;0,01;0,95;0,15;1,03;0,06;0,99;0,89;0,96;0,01;0,94;0,01;;
18.249;0,95;0,01;0,95;0,15;1,05;0,06;0,98;0,89;0,97;0,01;0,94;0,00;;
18.261;0,95;0,01;0,95;0,09;1,04;0,06;0,97;0,89;0,97;0,01;0,94;0,00;;
18.31;0,95;0,01;0,96;0,09;1,04;0,18;0,97;0,98;0,96;0,01;0,94;0,00;;
18.332;0,95;0,00;0,96;0,02;1,05;0,18;0,95;0,98;0,96;0,01;0,94;0,01;;
18.349;0,95;0,00;0,96;0,02;1,05;0,31;0,95;1,05;0,96;0,01;0,93;0,01;;
18.414;0,95;0,00;0,96;0,04;1,04;0,31;0,95;1,05;0,97;0,01;0,93;0,00;;
18.417;0,95;0,01;0,96;0,04;1,06;0,31;0,93;1,05;0,97;0,01;0,93;0,00;;
18.449;0,95;0,01;0,95;0,04;1,06;0,41;0,93;1,08;0,97;0,01;0,93;0,00;;
18.471;0,95;0,01;0,95;0,05;1,08;0,41;0,94;1,08;0,96;0,01;0,93;0,00;;
18.519;0,95;0,01;0,95;0,05;1,08;0,44;0,94;1,08;0,96;0,00;0,93;0,00;;
18.541;0,95;0,01;0,95;0,04;1,12;0,44;0,92;1,08;0,96;0,00;0,93;0,00;;
18.549;0,95;0,01;0,95;0,04;1,12;0,32;0,92;1,08;0,96;0,01;0,93;0,00;;
18.619;0,95;0,01;0,95;0,04;1,17;0,32;0,92;1,01;0,96;0,01;0,93;0,00;;
18.621;0,95;0,01;0,95;0,01;1,17;0,32;0,92;1,01;0,96;0,01;0,93;0,00;;
18.649;0,94;0,01;0,95;0,01;1,17;0,10;0,92;0,87;0,96;0,01;0,94;0,00;;
18.681;0,94;0,01;0,95;0,01;1,15;0,10;0,94;0,87;0,96;0,01;0,94;0,01;;
18.701;0,95;0,01;0,95;0,01;1,15;0,08;0,94;0,87;0,96;0,01;0,94;0,01;;
18.749;0,95;0,01;0,95;0,02;1,16;0,08;0,94;0,65;0,96;0,01;0,94;0,00;;
18.752;0,95;0,00;0,95;0,02;1,20;0,08;0,95;0,65;0,96;0,00;0,93;0,00;;
18.799;0,95;0,00;0,95;0,02;1,20;0,32;0,95;0,39;0,97;0,00;0,93;0,00;;
18.827;0,95;0,02;0,95;0,01;1,19;0,32;0,95;0,39;0,96;0,00;0,93;0,00;;
18.849;0,96;0,02;0,95;0,01;1,19;0,63;0,95;0,14;0,96;0,00;0,94;0,00;;
18.891;0,96;0,01;0,95;0,04;1,16;0,63;0,95;0,14;0,96;0,00;0,94;0,00;;
18.901;0,96;0,01;0,95;0,04;1,16;0,85;0,95;0,14;0,96;0,00;0,94;0,00;;
18.951;0,96;0,01;0,96;0,04;1,13;0,85;0,95;0,11;0,96;0,00;0,94;0,00;;
18.961;0,96;0,01;0,96;0,02;1,13;0,85;0,95;0,11;0,96;0,00;0,93;0,00;;
18.999;0,95;0,01;0,96;0,02;1,13;1,02;0,95;0,31;0,97;0,00;0,94;0,00;;
19.05;0,95;0,01;0,96;0,01;1,13;1,02;0,94;0,31;0,97;0,00;0,94;0,01;;
19.054;0,95;0,01;0,96;0,01;1,13;1,22;0,93;0,31;0,97;0,01;0,94;0,01;;
19.099;0,96;0,01;0,96;0,01;1,12;1,22;0,93;0,44;0,97;0,01;0,94;0,01;;
19.103;0,96;0,01;0,96;0,01;1,09;1,22;0,92;0,44;0,97;0,01;0,93;0,01;;
19.151;0,96;0,01;0,95;0,01;1,09;1,38;0,92;0,50;0,96;0,01;0,93;0,01;;
19.171;0,96;0,01;0,95;0,01;1,07;1,38;0,94;0,50;0,96;0,01;0,93;0,00;;
19.199;0,96;0,01;0,96;0,01;1,07;1,50;0,94;0,50;0,96;0,00;0,94;0,00;;
19.251;0,96;0,01;0,96;0,00;1,04;1,50;0,91;0,50;0,96;0,00;0,94;0,00;;
19.253;0,95;0,01;0,96;0,00;1,04;1,57;0,94;0,50;0,96;0,00;0,93;0,00;;
19.299;0,95;0,01;0,96;0,00;1,03;1,57;0,94;0,47;0,96;0,00;0,93;0,00;;
19.311;0,95;0,01;0,96;0,01;1,01;1,57;0,93;0,47;0,96;0,00;0,93;0,00;;
19.353;0,95;0,01;0,96;0,01;1,01;1,59;0,93;0,43;0,96;0,00;0,93;0,00;;
19.381;0,95;0,00;0,96;0,01;0,99;1,59;0,95;0,43;0,96;0,00;0,93;0,01;;
19.4;0,96;0,00;0,95;0,01;0,99;1,60;0,94;0,43;0,96;0,01;0,94;0,01;;
19.453;0,96;0,01;0,95;0,01;0,98;1,60;0,94;0,34;0,96;0,01;0,94;0,01;;
19.455;0,94;0,01;0,96;0,01;0,95;1,60;0,94;0,34;0,96;0,01;0,92;0,01;;
19.499;0,95;0,01;0,96;0,01;0,95;1,56;0,94;0,24;0,96;0,01;0,94;0,01;;
19.521;0,95;0,01;0,96;0,04;0,96;1,56;0,95;0,24;0,97;0,01;0,94;0,01;;
19.551;0,95;0,01;0,96;0,04;0,96;1,49;0,95;0,13;0,97;0,00;0,93;0,01;;
19.591;0,95;0,01;0,96;0,06;0,95;1,49;0,96;0,13;0,96;0,00;0,93;0,00;;
19.599;0,95;0,01;0,95;0,06;0,95;1,43;0,96;0,13;0,96;0,00;0,94;0,00;;
19.649;0,96;0,01;0,95;0,06;0,94;1,43;0,96;0,06;0,96;0,00;0,94;0,00;;
19.661;0,96;0,01;0,95;0,05;0,94;1,43;0,94;0,06;0,96;0,01;0,94;0,00;;
19.699;0,95;0,01;0,96;0,05;0,94;1,33;0,94;0,05;0,96;0,01;0,94;0,00;;
19.751;0,95;0,01;0,96;0,03;0,94;1,33;0,95;0,05;0,96;0,01;0,94;0,00;;
19.757;0,95;0,01;0,96;0,03;0,94;1,18;0,95;0,05;0,96;0,00;0,93;0,00;;
19.8;0,95;0,01;0,96;0,01;0,93;1,18;0,95;0,03;0,96;0,00;0,93;0,00;;
19.802;0,95;0,01;0,96;0,01;0,94;1,18;0,94;0,03;0,96;0,00;0,93;0,00;;
19.849;0,95;0,01;0,96;0,01;0,94;1,01;0,94;0,03;0,97;0,00;0,94;0,00;;
19.871;0,95;0,01;0,96;0,05;0,95;1,01;0,96;0,03;0,96;0,00;0,94;0,00;;
19.899;0,95;0,01;0,96;0,05;0,95;0,79;0,96;0,01;0,96;0,01;0,94;0,00;;
19.952;0,95;0,01;0,96;0,03;0,96;0,79;0,96;0,01;0,96;0,01;0,94;0,01;;
19.96;0,95;0,01;0,96;0,03;0,96;0,55;0,96;0,01;0,96;0,01;0,93;0,01;;
19.999;0,95;0,01;0,96;0,03;0,95;0,55;0,96;0,05;0,96;0,01;0,93;0,00;;
20.011;0,95;0,01;0,96;0,02;0,95;0,55;0,96;0,05;0,96;0,00;0,94;0,00;;
20.051;0,95;0,01;0,96;0,02;0,95;0,32;0,96;0,06;0,96;0,00;0,94;0,00;;
20.081;0,95;0,01;0,96;0,03;0,96;0,32;0,96;0,06;0,97;0,00;0,94;0,00;;
20.099;0,96;0,01;0,95;0,03;0,96;0,09;0,95;0,06;0,97;0,00;0,94;0,00;;
20.149;0,95;0,01;0,95;0,02;0,95;0,09;0,95;0,07;0,97;0,00;0,94;0,01;;
20.153;0,95;0,00;0,96;0,02;0,95;0,09;0,96;0,07;0,97;0,01;0,93;0,01;;
20.199;0,95;0,00;0,96;0,02;0,95;0,09;0,96;0,06;0,96;0,01;0,94;0,01;;
20.221;0,95;0,00;0,96;0,02;0,95;0,09;0,95;0,06;0,96;0,01;0,94;0,00;;
20.25;0,95;0,00;0,95;0,02;0,95;0,15;0,95;0,04;0,96;0,00;0,94;0,00;;
20.291;0,95;0,00;0,95;0,01;0,95;0,15;0,96;0,04;0,96;0,00;0,94;0,01;;
20.3;0,95;0,00;0,95;0,01;0,95;0,15;0,95;0,04;0,96;0,01;0,94;0,01;;
20.351;0,95;0,00;0,96;0,01;0,95;0,14;0,95;0,00;0,96;0,01;0,94;0,00;;
20.361;0,95;0,00;0,96;0,01;0,94;0,14;0,96;0,00;0,96;0,01;0,94;0,00;;
